app_id,doc_type,name,father_name,mother_name,dob,school,board,year,percentage,education_type,institution,category,gender,rank,percentile,reason,character,issue_date,certificate_number,issuing_authority,last_institution,year_of_leaving
APP0001,10th_marksheet,Yauvani Venkataraman,Wriddhish Venkataraman,Zinal Venkataraman,2004-12-20,,,2020,89.89%,,,,,,,,,,,,,
APP0001,diploma_marksheet,Yauvani Venkataraman,Wriddhish Venkataraman,,,,,2022,75.35%,Diploma,,,,,,,,,,,,
APP0001,leaving_certificate,Yauvani Venkataraman,Wriddhish Venkataraman,,2004-12-20,,,,,,,,,,,,,,,,,
APP0001,cet_scorecard,Yauvani Venkataraman,Wriddhish Venkataraman,Zinal Venkataraman,2004-12-20,,,,,,,OBC,Female,,92.23%,,,,,,,
APP0001,caste_certificate,Yauvani Venkataraman,Wriddhish Venkataraman,,2004-12-20,,,,,,,OBC,,,,,,,,,,
APP0001,application_form,Yauvani Venkataraman,Wriddhish Venkataraman,Zinal Venkataraman,2004-12-20,,,,,,,OBC,Female,,,,,,,,,
APP0002,10th_marksheet,Benjamin Pandey,George Pandey,Riya Pandey,2004-08-24,,,2019,64.05%,,,,,,,,,,,,,
APP0002,diploma_marksheet,Benjamin Pandey,George Pandey,,,,,2021,75.14%,Diploma,,,,,,,,,,,,
APP0002,leaving_certificate,Benjamin Pandey,George Pandey,,2004-08-24,,,,,,,,,,,,,,,,,
APP0002,cet_scorecard,Benjamin Pandey,George Pandey,Riya Pandey,2004-08-24,,,,,,,OBC,Male,,62.96%,,,,,,,
APP0002,caste_certificate,Benjamin Pandey,George Pandey,,2004-08-24,,,,,,,OBC,,,,,,,,,,
APP0002,application_form,Benjamin Pandey,George Pandey,Riya Pandey,2004-08-24,,,,,,,OBC,Male,,,,,,,,,
APP0003,10th_marksheet,Avi Nagar,Caleb Nagar,Yashodhara Nagar,2006-11-27,,,2019,65.79%,,,,,,,,,,,,,
APP0003,diploma_marksheet,Avi Nagar,Caleb Nagar,,,,,2022,75.69%,Diploma,,,,,,,,,,,,
APP0003,leaving_certificate,Avi Nagar,Caleb Nagar,,2006-11-27,,,,,,,,,,,,,,,,,
APP0003,cet_scorecard,Avi Nagar,Caleb Nagar,Yashodhara Nagar,2006-11-27,,,,,,,OBC,Male,,96.38%,,,,,,,
APP0003,caste_certificate,Avi Nagar,Caleb Nagar,,2006-11-27,,,,,,,OBC,,,,,,,,,,
APP0003,application_form,Avi Nagar,Caleb Nagar,Yashodhara Nagar,2006-11-27,,,,,,,OBC,Male,,,,,,,,,
APP0004,10th_marksheet,Vrishti Dayal,Patrick Dayal,Lopa Dayal,2007-04-21,,,2020,90.81%,,,,,,,,,,,,,
APP0004,diploma_marksheet,Vrishti Dayal,Patrick Dayal,,,,,2021,83.6%,Diploma,,,,,,,,,,,,
APP0004,leaving_certificate,Vrishti Dayal,Patrick Dayal,,2007-04-21,,,,,,,,,,,,,,,,,
APP0004,cet_scorecard,Vrishti Dayal,Patrick Dayal,Lopa Dayal,2007-04-21,,,,,,,SC/ST,Female,,95.31%,,,,,,,
APP0004,caste_certificate,Vrishti Dayal,Patrick Dayal,,2007-04-21,,,,,,,SC/ST,,,,,,,,,,
APP0004,application_form,Vrishti Dayal,Patrick Dayal,Lopa Dayal,2007-04-21,,,,,,,SC/ST,Female,,,,,,,,,
APP0005,10th_marksheet,Gabriel Chaudry,Tanish Chaudry,Nirja Chaudry,2005-08-07,,,2019,79.15%,,,,,,,,,,,,,
APP0005,diploma_marksheet,Gabriel Chaudry,Tanish Chaudry,,,,,2022,60.18%,12th,,,,,,,,,,,,
APP0005,leaving_certificate,Gabriel Chaudry,Tanish Chaudry,,2005-08-07,,,,,,,,,,,,,,,,,
APP0005,cet_scorecard,Gabriel Chaudry,Tanish Chaudry,Nirja Chaudry,2005-08-07,,,,,,,OPEN,Male,,82.49%,,,,,,,
APP0005,caste_certificate,Gabriel Chaudry,Tanish Chaudry,,2005-08-07,,,,,,,OPEN,,,,,,,,,,
APP0005,application_form,Gabriel Chaudry,Tanish Chaudry,Nirja Chaudry,2005-08-07,,,,,,,OPEN,Male,,,,,,,,,
APP0006,10th_marksheet,Vamakshi Sekhon,Anirudh Sekhon,Nirja Sekhon,2005-05-08,,,2020,61.05%,,,,,,,,,,,,,
APP0006,diploma_marksheet,Vamakshi Sekhon,Anirudh Sekhon,,,,,2021,85.89%,12th,,,,,,,,,,,,
APP0006,leaving_certificate,Vamakshi Sekhon,Anirudh Sekhon,,2005-05-08,,,,,,,,,,,,,,,,,
APP0006,cet_scorecard,Vamakshi Sekhon,Anirudh Sekhon,Nirja Sekhon,2005-05-08,,,,,,,OBC,Female,,74.96%,,,,,,,
APP0006,caste_certificate,Vamakshi Sekhon,Anirudh Sekhon,,2005-05-08,,,,,,,OBC,,,,,,,,,,
APP0006,application_form,Vamakshi Sekhon,Anirudh Sekhon,Nirja Sekhon,2005-05-08,,,,,,,OBC,Female,,,,,,,,,
APP0007,10th_marksheet,Jonathan Deshpande,Onkar Deshpande,Rajata Deshpande,2005-10-02,,,2018,72.06%,,,,,,,,,,,,,
APP0007,diploma_marksheet,Jonathan Deshpande,Onkar Deshpande,,,,,2022,73.49%,Diploma,,,,,,,,,,,,
APP0007,leaving_certificate,Jonathan Deshpande,Onkar Deshpande,,2005-10-02,,,,,,,,,,,,,,,,,
APP0007,cet_scorecard,Jonathan Deshpande,Onkar Deshpande,Rajata Deshpande,2005-10-02,,,,,,,OPEN,Male,,66.02%,,,,,,,
APP0007,caste_certificate,Jonathan Deshpande,Onkar Deshpande,,2005-10-02,,,,,,,OPEN,,,,,,,,,,
APP0007,application_form,Jonathan Deshpande,Onkar Deshpande,Rajata Deshpande,2005-10-02,,,,,,,OPEN,Male,,,,,,,,,
APP0008,10th_marksheet,Daksha Butala,Victor Butala,Vedika Butala,2003-09-29,,,2018,87.84%,,,,,,,,,,,,,
APP0008,diploma_marksheet,Daksha Butala,Victor Butala,,,,,2020,86.77%,12th,,,,,,,,,,,,
APP0008,leaving_certificate,Daksha Butala,Victor Butala,,2003-09-29,,,,,,,,,,,,,,,,,
APP0008,cet_scorecard,Daksha Butala,Victor Butala,Vedika Butala,2003-09-29,,,,,,,OBC,Female,,73.67%,,,,,,,
APP0008,caste_certificate,Daksha Butala,Victor Butala,,2003-09-29,,,,,,,OBC,,,,,,,,,,
APP0008,application_form,Daksha Butala,Victor Butala,Vedika Butala,2003-09-29,,,,,,,OBC,Female,,,,,,,,,
APP0009,10th_marksheet,Fitan Murty,Anay Murty,Ishita Murty,2003-04-02,,,2020,84.54%,,,,,,,,,,,,,
APP0009,diploma_marksheet,Fitan Murty,Anay Murty,,,,,2021,56.05%,12th,,,,,,,,,,,,
APP0009,leaving_certificate,Fitan Murty,Anay Murty,,2003-04-02,,,,,,,,,,,,,,,,,
APP0009,cet_scorecard,Fitan Murty,Anay Murty,Ishita Murty,2003-04-02,,,,,,,OBC,Male,,86.74%,,,,,,,
APP0009,caste_certificate,Fitan Murty,Anay Murty,,2003-04-02,,,,,,,OBC,,,,,,,,,,
APP0009,application_form,Fitan Murty,Anay Murty,Ishita Murty,2003-04-02,,,,,,,OBC,Male,,,,,,,,,
APP0010,10th_marksheet,William Balay,Balveer Balay,Brinda Balay,2005-11-20,,,2018,74.52%,,,,,,,,,,,,,
APP0010,diploma_marksheet,William Balay,Balveer Balay,,,,,2022,91.17%,Diploma,,,,,,,,,,,,
APP0010,leaving_certificate,William Balay,Balveer Balay,,2005-11-20,,,,,,,,,,,,,,,,,
APP0010,cet_scorecard,William Balay,Balveer Balay,Brinda Balay,2005-11-20,,,,,,,OBC,Male,,80.37%,,,,,,,
APP0010,caste_certificate,William Balay,Balveer Balay,,2005-11-20,,,,,,,OBC,,,,,,,,,,
APP0010,application_form,William Balay,Balveer Balay,Brinda Balay,2005-11-20,,,,,,,OBC,Male,,,,,,,,,
APP0011,10th_marksheet,Lopa Talwar,Liam Talwar,Hema Talwar,2004-01-18,,,2019,73.72%,,,,,,,,,,,,,
APP0011,diploma_marksheet,Lopa Talwar,Liam Talwar,,,,,2021,55.65%,12th,,,,,,,,,,,,
APP0011,leaving_certificate,Lopa Talwar,Liam Talwar,,2004-01-18,,,,,,,,,,,,,,,,,
APP0011,cet_scorecard,Lopa Talwar,Liam Talwar,Hema Talwar,2004-01-18,,,,,,,OPEN,Female,,96.44%,,,,,,,
APP0011,caste_certificate,Lopa Talwar,Liam Talwar,,2004-01-18,,,,,,,OPEN,,,,,,,,,,
APP0011,application_form,Lopa Talwar,Liam Talwar,Hema Talwar,2004-01-18,,,,,,,OPEN,Female,,,,,,,,,
APP0012,10th_marksheet,Dayamai Grewal,Madhav Grewal,Neelima Grewal,2004-04-29,,,2019,86.81%,,,,,,,,,,,,,
APP0012,diploma_marksheet,Dayamai Grewal,Madhav Grewal,,,,,2022,87.07%,12th,,,,,,,,,,,,
APP0012,leaving_certificate,Dayamai Grewal,Madhav Grewal,,2004-04-29,,,,,,,,,,,,,,,,,
APP0012,cet_scorecard,Dayamai Grewal,Madhav Grewal,Neelima Grewal,2004-04-29,,,,,,,EWS,Female,,65.47%,,,,,,,
APP0012,caste_certificate,Dayamai Grewal,Madhav Grewal,,2004-04-29,,,,,,,EWS,,,,,,,,,,
APP0012,application_form,Dayamai Grewal,Madhav Grewal,Neelima Grewal,2004-04-29,,,,,,,EWS,Female,,,,,,,,,
APP0013,10th_marksheet,Viraj Jain,Aditya Jain,Yashica Jain,2004-10-25,,,2020,71.66%,,,,,,,,,,,,,
APP0013,diploma_marksheet,Viraj Jain,Aditya Jain,,,,,2021,82.16%,Diploma,,,,,,,,,,,,
APP0013,leaving_certificate,Viraj Jain,Aditya Jain,,2004-10-25,,,,,,,,,,,,,,,,,
APP0013,cet_scorecard,Viraj Jain,Aditya Jain,Yashica Jain,2004-10-25,,,,,,,OBC,Male,,88.94%,,,,,,,
APP0013,caste_certificate,Viraj Jain,Aditya Jain,,2004-10-25,,,,,,,OBC,,,,,,,,,,
APP0013,application_form,Viraj Jain,Aditya Jain,Yashica Jain,2004-10-25,,,,,,,OBC,Male,,,,,,,,,
APP0014,10th_marksheet,Jatin Dhawan,Zashil Dhawan,Indali Dhawan,2006-07-05,,,2020,88.57%,,,,,,,,,,,,,
APP0014,diploma_marksheet,Jatin Dhawan,Zashil Dhawan,,,,,2020,81.67%,12th,,,,,,,,,,,,
APP0014,leaving_certificate,Jatin Dhawan,Zashil Dhawan,,2006-07-05,,,,,,,,,,,,,,,,,
APP0014,cet_scorecard,Jatin Dhawan,Zashil Dhawan,Indali Dhawan,2006-07-05,,,,,,,OPEN,Male,,69.29%,,,,,,,
APP0014,caste_certificate,Jatin Dhawan,Zashil Dhawan,,2006-07-05,,,,,,,OPEN,,,,,,,,,,
APP0014,application_form,Jatin Dhawan,Zashil Dhawan,Indali Dhawan,2006-07-05,,,,,,,OPEN,Male,,,,,,,,,
APP0015,10th_marksheet,Kashvi Hayre,Tristan Hayre,Lajita Hayre,2003-11-22,,,2020,61.05%,,,,,,,,,,,,,
APP0015,diploma_marksheet,Kashvi Hayre,Tristan Hayre,,,,,2020,94.06%,Diploma,,,,,,,,,,,,
APP0015,leaving_certificate,Kashvi Hayre,Tristan Hayre,,2003-11-22,,,,,,,,,,,,,,,,,
APP0015,cet_scorecard,Kashvi Hayre,Tristan Hayre,Lajita Hayre,2003-11-22,,,,,,,OPEN,Female,,89.57%,,,,,,,
APP0015,caste_certificate,Kashvi Hayre,Tristan Hayre,,2003-11-22,,,,,,,OPEN,,,,,,,,,,
APP0015,application_form,Kashvi Hayre,Tristan Hayre,Lajita Hayre,2003-11-22,,,,,,,OPEN,Female,,,,,,,,,
APP0016,10th_marksheet,Saanvi De,Hritik De,Vedika De,2003-05-16,,,2019,84.89%,,,,,,,,,,,,,
APP0016,diploma_marksheet,Saanvi De,Hritik De,,,,,2022,55.59%,12th,,,,,,,,,,,,
APP0016,leaving_certificate,Saanvi De,Hritik De,,2003-05-16,,,,,,,,,,,,,,,,,
APP0016,cet_scorecard,Saanvi De,Hritik De,Vedika De,2003-05-16,,,,,,,OPEN,Female,,63.75%,,,,,,,
APP0016,caste_certificate,Saanvi De,Hritik De,,2003-05-16,,,,,,,OPEN,,,,,,,,,,
APP0016,application_form,Saanvi De,Hritik De,Vedika De,2003-05-16,,,,,,,OPEN,Female,,,,,,,,,
APP0017,10th_marksheet,Ira Varughese,Isaac Varughese,Alka Varughese,2003-02-10,,,2018,64.19%,,,,,,,,,,,,,
APP0017,diploma_marksheet,Ira Varughese,Isaac Varughese,,,,,2020,58.29%,Diploma,,,,,,,,,,,,
APP0017,leaving_certificate,Ira Varughese,Isaac Varughese,,2003-02-10,,,,,,,,,,,,,,,,,
APP0017,cet_scorecard,Ira Varughese,Isaac Varughese,Alka Varughese,2003-02-10,,,,,,,SC/ST,Female,,95.06%,,,,,,,
APP0017,caste_certificate,Ira Varughese,Isaac Varughese,,2003-02-10,,,,,,,SC/ST,,,,,,,,,,
APP0017,application_form,Ira Varughese,Isaac Varughese,Alka Varughese,2003-02-10,,,,,,,SC/ST,Female,,,,,,,,,
APP0018,10th_marksheet,Advaith Wagle,Chatresh Wagle,Zinal Wagle,2006-12-04,,,2019,79.17%,,,,,,,,,,,,,
APP0018,diploma_marksheet,Advaith Wagle,Chatresh Wagle,,,,,2020,79.0%,12th,,,,,,,,,,,,
APP0018,leaving_certificate,Advaith Wagle,Chatresh Wagle,,2006-12-04,,,,,,,,,,,,,,,,,
APP0018,cet_scorecard,Advaith Wagle,Chatresh Wagle,Zinal Wagle,2006-12-04,,,,,,,OBC,Male,,90.22%,,,,,,,
APP0018,caste_certificate,Advaith Wagle,Chatresh Wagle,,2006-12-04,,,,,,,OBC,,,,,,,,,,
APP0018,application_form,Advaith Wagle,Chatresh Wagle,Zinal Wagle,2006-12-04,,,,,,,OBC,Male,,,,,,,,,
APP0019,10th_marksheet,Sanya Kale,Veer Kale,Hiral Kale,2005-04-23,,,2018,84.19%,,,,,,,,,,,,,
APP0019,diploma_marksheet,Sanya Kale,Veer Kale,,,,,2020,87.41%,12th,,,,,,,,,,,,
APP0019,leaving_certificate,Sanya Kale,Veer Kale,,2005-04-23,,,,,,,,,,,,,,,,,
APP0019,cet_scorecard,Sanya Kale,Veer Kale,Hiral Kale,2005-04-23,,,,,,,OPEN,Female,,79.25%,,,,,,,
APP0019,caste_certificate,Sanya Kale,Veer Kale,,2005-04-23,,,,,,,OPEN,,,,,,,,,,
APP0019,application_form,Sanya Kale,Veer Kale,Hiral Kale,2005-04-23,,,,,,,OPEN,Female,,,,,,,,,
APP0020,10th_marksheet,Joshua Raju,Chakradhar Raju,Aradhana Raju,2006-11-18,,,2019,80.52%,,,,,,,,,,,,,
APP0020,diploma_marksheet,Joshua Raju,Chakradhar Raju,,,,,2022,63.49%,12th,,,,,,,,,,,,
APP0020,leaving_certificate,Joshua Raju,Chakradhar Raju,,2006-11-18,,,,,,,,,,,,,,,,,
APP0020,cet_scorecard,Joshua Raju,Chakradhar Raju,Aradhana Raju,2006-11-18,,,,,,,OBC,Male,,75.18%,,,,,,,
APP0020,caste_certificate,Joshua Raju,Chakradhar Raju,,2006-11-18,,,,,,,OBC,,,,,,,,,,
APP0020,application_form,Joshua Raju,Chakradhar Raju,Aradhana Raju,2006-11-18,,,,,,,OBC,Male,,,,,,,,,
APP0021,10th_marksheet,Widisha Bajaj,Abhimanyu Bajaj,Chakrika Bajaj,2004-05-06,,,2020,76.51%,,,,,,,,,,,,,
APP0021,diploma_marksheet,Widisha Bajaj,Abhimanyu Bajaj,,,,,2022,93.78%,12th,,,,,,,,,,,,
APP0021,leaving_certificate,Widisha Bajaj,Abhimanyu Bajaj,,2004-05-06,,,,,,,,,,,,,,,,,
APP0021,cet_scorecard,Widisha Bajaj,Abhimanyu Bajaj,Chakrika Bajaj,2004-05-06,,,,,,,OPEN,Female,,70.82%,,,,,,,
APP0021,caste_certificate,Widisha Bajaj,Abhimanyu Bajaj,,2004-05-06,,,,,,,OPEN,,,,,,,,,,
APP0021,application_form,Widisha Bajaj,Abhimanyu Bajaj,Chakrika Bajaj,2004-05-06,,,,,,,OPEN,Female,,,,,,,,,
APP0022,10th_marksheet,Pallavi Rana,Brijesh Rana,Edhitha Rana,2007-03-20,,,2019,72.32%,,,,,,,,,,,,,
APP0022,diploma_marksheet,Pallavi Rana,Brijesh Rana,,,,,2020,84.25%,Diploma,,,,,,,,,,,,
APP0022,leaving_certificate,Pallavi Rana,Brijesh Rana,,2007-03-20,,,,,,,,,,,,,,,,,
APP0022,cet_scorecard,Pallavi Rana,Brijesh Rana,Edhitha Rana,2007-03-20,,,,,,,OPEN,Female,,97.31%,,,,,,,
APP0022,caste_certificate,Pallavi Rana,Brijesh Rana,,2007-03-20,,,,,,,OPEN,,,,,,,,,,
APP0022,application_form,Pallavi Rana,Brijesh Rana,Edhitha Rana,2007-03-20,,,,,,,OPEN,Female,,,,,,,,,
APP0023,10th_marksheet,Abha Basak,Chandran Basak,Ekani Basak,2003-11-07,,,2019,61.51%,,,,,,,,,,,,,
APP0023,diploma_marksheet,Abha Basak,Chandran Basak,,,,,2021,75.05%,12th,,,,,,,,,,,,
APP0023,leaving_certificate,Abha Basak,Chandran Basak,,2003-11-07,,,,,,,,,,,,,,,,,
APP0023,cet_scorecard,Abha Basak,Chandran Basak,Ekani Basak,2003-11-07,,,,,,,OPEN,Female,,80.58%,,,,,,,
APP0023,caste_certificate,Abha Basak,Chandran Basak,,2003-11-07,,,,,,,OPEN,,,,,,,,,,
APP0023,application_form,Abha Basak,Chandran Basak,Ekani Basak,2003-11-07,,,,,,,OPEN,Female,,,,,,,,,
APP0024,10th_marksheet,Zashil Lad,Zayyan Lad,Sachi Lad,2003-03-26,,,2018,70.6%,,,,,,,,,,,,,
APP0024,diploma_marksheet,Zashil Lad,Zayyan Lad,,,,,2022,70.34%,Diploma,,,,,,,,,,,,
APP0024,leaving_certificate,Zashil Lad,Zayyan Lad,,2003-03-26,,,,,,,,,,,,,,,,,
APP0024,cet_scorecard,Zashil Lad,Zayyan Lad,Sachi Lad,2003-03-26,,,,,,,SC/ST,Male,,62.94%,,,,,,,
APP0024,caste_certificate,Zashil Lad,Zayyan Lad,,2003-03-26,,,,,,,SC/ST,,,,,,,,,,
APP0024,application_form,Zashil Lad,Zayyan Lad,Sachi Lad,2003-03-26,,,,,,,SC/ST,Male,,,,,,,,,
APP0025,10th_marksheet,Max Yogi,Gopal Yogi,Neha Yogi,2003-03-25,,,2020,83.71%,,,,,,,,,,,,,
APP0025,diploma_marksheet,Max Yogi,Gopal Yogi,,,,,2022,76.4%,12th,,,,,,,,,,,,
APP0025,leaving_certificate,Max Yogi,Gopal Yogi,,2003-03-25,,,,,,,,,,,,,,,,,
APP0025,cet_scorecard,Max Yogi,Gopal Yogi,Neha Yogi,2003-03-25,,,,,,,OPEN,Male,,86.09%,,,,,,,
APP0025,caste_certificate,Max Yogi,Gopal Yogi,,2003-03-25,,,,,,,OPEN,,,,,,,,,,
APP0025,application_form,Max Yogi,Gopal Yogi,Neha Yogi,2003-03-25,,,,,,,OPEN,Male,,,,,,,,,
APP0026,10th_marksheet,Karan Shenoy,Rudra Shenoy,Xalak Shenoy,2007-10-25,,,2019,90.83%,,,,,,,,,,,,,
APP0026,diploma_marksheet,Karan Shenoy,Rudra Shenoy,,,,,2022,93.33%,Diploma,,,,,,,,,,,,
APP0026,leaving_certificate,Karan Shenoy,Rudra Shenoy,,2007-10-25,,,,,,,,,,,,,,,,,
APP0026,cet_scorecard,Karan Shenoy,Rudra Shenoy,Xalak Shenoy,2007-10-25,,,,,,,EWS,Male,,95.5%,,,,,,,
APP0026,caste_certificate,Karan Shenoy,Rudra Shenoy,,2007-10-25,,,,,,,EWS,,,,,,,,,,
APP0026,application_form,Karan Shenoy,Rudra Shenoy,Xalak Shenoy,2007-10-25,,,,,,,EWS,Male,,,,,,,,,
APP0027,10th_marksheet,Ryan Bandi,Andrew Bandi,Harini Bandi,2005-08-18,,,2019,61.89%,,,,,,,,,,,,,
APP0027,diploma_marksheet,Ryan Bandi,Andrew Bandi,,,,,2022,74.24%,Diploma,,,,,,,,,,,,
APP0027,leaving_certificate,Ryan Bandi,Andrew Bandi,,2005-08-18,,,,,,,,,,,,,,,,,
APP0027,cet_scorecard,Ryan Bandi,Andrew Bandi,Harini Bandi,2005-08-18,,,,,,,OPEN,Male,,99.11%,,,,,,,
APP0027,caste_certificate,Ryan Bandi,Andrew Bandi,,2005-08-18,,,,,,,OPEN,,,,,,,,,,
APP0027,application_form,Ryan Bandi,Andrew Bandi,Harini Bandi,2005-08-18,,,,,,,OPEN,Male,,,,,,,,,
APP0028,10th_marksheet,Laksh Bora,Nathaniel Bora,Lipika Bora,2004-02-23,,,2019,72.35%,,,,,,,,,,,,,
APP0028,diploma_marksheet,Laksh Bora,Nathaniel Bora,,,,,2020,87.96%,12th,,,,,,,,,,,,
APP0028,leaving_certificate,Laksh Bora,Nathaniel Bora,,2004-02-23,,,,,,,,,,,,,,,,,
APP0028,cet_scorecard,Laksh Bora,Nathaniel Bora,Lipika Bora,2004-02-23,,,,,,,SC/ST,Male,,66.8%,,,,,,,
APP0028,caste_certificate,Laksh Bora,Nathaniel Bora,,2004-02-23,,,,,,,SC/ST,,,,,,,,,,
APP0028,application_form,Laksh Bora,Nathaniel Bora,Lipika Bora,2004-02-23,,,,,,,SC/ST,Male,,,,,,,,,
APP0029,10th_marksheet,Gautam Vyas,Om Vyas,Bhavya Vyas,2006-07-07,,,2019,62.58%,,,,,,,,,,,,,
APP0029,diploma_marksheet,Gautam Vyas,Om Vyas,,,,,2022,83.32%,12th,,,,,,,,,,,,
APP0029,leaving_certificate,Gautam Vyas,Om Vyas,,2006-07-07,,,,,,,,,,,,,,,,,
APP0029,cet_scorecard,Gautam Vyas,Om Vyas,Bhavya Vyas,2006-07-07,,,,,,,OBC,Male,,87.31%,,,,,,,
APP0029,caste_certificate,Gautam Vyas,Om Vyas,,2006-07-07,,,,,,,OBC,,,,,,,,,,
APP0029,application_form,Gautam Vyas,Om Vyas,Bhavya Vyas,2006-07-07,,,,,,,OBC,Male,,,,,,,,,
APP0030,10th_marksheet,Banjeet Prashad,Balvan Prashad,Yutika Prashad,2003-07-18,,,2018,97.2%,,,,,,,,,,,,,
APP0030,diploma_marksheet,Banjeet Prashad,Balvan Prashad,,,,,2020,65.93%,12th,,,,,,,,,,,,
APP0030,leaving_certificate,Banjeet Prashad,Balvan Prashad,,2003-07-18,,,,,,,,,,,,,,,,,
APP0030,cet_scorecard,Banjeet Prashad,Balvan Prashad,Yutika Prashad,2003-07-18,,,,,,,OPEN,Male,,83.25%,,,,,,,
APP0030,caste_certificate,Banjeet Prashad,Balvan Prashad,,2003-07-18,,,,,,,OPEN,,,,,,,,,,
APP0030,application_form,Banjeet Prashad,Balvan Prashad,Yutika Prashad,2003-07-18,,,,,,,OPEN,Male,,,,,,,,,
APP0031,10th_marksheet,Dayamai Hans,Ranveer Hans,Ganga Hans,2005-05-03,,,2019,87.72%,,,,,,,,,,,,,
APP0031,diploma_marksheet,Dayamai Hans,Ranveer Hans,,,,,2022,76.59%,12th,,,,,,,,,,,,
APP0031,leaving_certificate,Dayamai Hans,Ranveer Hans,,2005-05-03,,,,,,,,,,,,,,,,,
APP0031,cet_scorecard,Dayamai Hans,Ranveer Hans,Ganga Hans,2005-05-03,,,,,,,SC/ST,Female,,84.06%,,,,,,,
APP0031,caste_certificate,Dayamai Hans,Ranveer Hans,,2005-05-03,,,,,,,SC/ST,,,,,,,,,,
APP0031,application_form,Dayamai Hans,Ranveer Hans,Ganga Hans,2005-05-03,,,,,,,SC/ST,Female,,,,,,,,,
APP0032,10th_marksheet,Jackson Kibe,Shivansh Kibe,Priya Kibe,2004-03-12,,,2018,89.52%,,,,,,,,,,,,,
APP0032,diploma_marksheet,Jackson Kibe,Shivansh Kibe,,,,,2020,84.05%,12th,,,,,,,,,,,,
APP0032,leaving_certificate,Jackson Kibe,Shivansh Kibe,,2004-03-12,,,,,,,,,,,,,,,,,
APP0032,cet_scorecard,Jackson Kibe,Shivansh Kibe,Priya Kibe,2004-03-12,,,,,,,SC/ST,Male,,70.06%,,,,,,,
APP0032,caste_certificate,Jackson Kibe,Shivansh Kibe,,2004-03-12,,,,,,,SC/ST,,,,,,,,,,
APP0032,application_form,Jackson Kibe,Shivansh Kibe,Priya Kibe,2004-03-12,,,,,,,SC/ST,Male,,,,,,,,,
APP0033,10th_marksheet,Adweta Dua,Aarush Dua,Pavani Dua,2005-07-19,,,2019,83.01%,,,,,,,,,,,,,
APP0033,diploma_marksheet,Adweta Dua,Aarush Dua,,,,,2021,87.56%,Diploma,,,,,,,,,,,,
APP0033,leaving_certificate,Adweta Dua,Aarush Dua,,2005-07-19,,,,,,,,,,,,,,,,,
APP0033,cet_scorecard,Adweta Dua,Aarush Dua,Pavani Dua,2005-07-19,,,,,,,OBC,Female,,98.84%,,,,,,,
APP0033,caste_certificate,Adweta Dua,Aarush Dua,,2005-07-19,,,,,,,OBC,,,,,,,,,,
APP0033,application_form,Adweta Dua,Aarush Dua,Pavani Dua,2005-07-19,,,,,,,OBC,Female,,,,,,,,,
APP0034,10th_marksheet,Jairaj Ahuja,Gopal Ahuja,Tamanna Ahuja,2007-07-26,,,2018,75.98%,,,,,,,,,,,,,
APP0034,diploma_marksheet,Jairaj Ahuja,Gopal Ahuja,,,,,2020,63.48%,12th,,,,,,,,,,,,
APP0034,leaving_certificate,Jairaj Ahuja,Gopal Ahuja,,2007-07-26,,,,,,,,,,,,,,,,,
APP0034,cet_scorecard,Jairaj Ahuja,Gopal Ahuja,Tamanna Ahuja,2007-07-26,,,,,,,EWS,Male,,93.37%,,,,,,,
APP0034,caste_certificate,Jairaj Ahuja,Gopal Ahuja,,2007-07-26,,,,,,,EWS,,,,,,,,,,
APP0034,application_form,Jairaj Ahuja,Gopal Ahuja,Tamanna Ahuja,2007-07-26,,,,,,,EWS,Male,,,,,,,,,
APP0035,10th_marksheet,Ranveer Ghosh,Harsh Ghosh,Tara Ghosh,2007-05-15,,,2019,76.55%,,,,,,,,,,,,,
APP0035,diploma_marksheet,Ranveer Ghosh,Harsh Ghosh,,,,,2021,68.38%,12th,,,,,,,,,,,,
APP0035,leaving_certificate,Ranveer Ghosh,Harsh Ghosh,,2007-05-15,,,,,,,,,,,,,,,,,
APP0035,cet_scorecard,Ranveer Ghosh,Harsh Ghosh,Tara Ghosh,2007-05-15,,,,,,,OPEN,Male,,81.54%,,,,,,,
APP0035,caste_certificate,Ranveer Ghosh,Harsh Ghosh,,2007-05-15,,,,,,,OPEN,,,,,,,,,,
APP0035,application_form,Ranveer Ghosh,Harsh Ghosh,Tara Ghosh,2007-05-15,,,,,,,OPEN,Male,,,,,,,,,
APP0036,10th_marksheet,Girik Ramanathan,Zaid Ramanathan,Bhavini Ramanathan,2005-06-09,,,2019,84.58%,,,,,,,,,,,,,
APP0036,diploma_marksheet,Girik Ramanathan,Zaid Ramanathan,,,,,2020,82.96%,12th,,,,,,,,,,,,
APP0036,leaving_certificate,Girik Ramanathan,Zaid Ramanathan,,2005-06-09,,,,,,,,,,,,,,,,,
APP0036,cet_scorecard,Girik Ramanathan,Zaid Ramanathan,Bhavini Ramanathan,2005-06-09,,,,,,,EWS,Male,,95.5%,,,,,,,
APP0036,caste_certificate,Girik Ramanathan,Zaid Ramanathan,,2005-06-09,,,,,,,EWS,,,,,,,,,,
APP0036,application_form,Girik Ramanathan,Zaid Ramanathan,Bhavini Ramanathan,2005-06-09,,,,,,,EWS,Male,,,,,,,,,
APP0037,10th_marksheet,Girindra Gupta,Harshil Gupta,Shivani Gupta,2005-03-18,,,2018,66.9%,,,,,,,,,,,,,
APP0037,diploma_marksheet,Girindra Gupta,Harshil Gupta,,,,,2022,72.24%,12th,,,,,,,,,,,,
APP0037,leaving_certificate,Girindra Gupta,Harshil Gupta,,2005-03-18,,,,,,,,,,,,,,,,,
APP0037,cet_scorecard,Girindra Gupta,Harshil Gupta,Shivani Gupta,2005-03-18,,,,,,,OBC,Male,,73.83%,,,,,,,
APP0037,caste_certificate,Girindra Gupta,Harshil Gupta,,2005-03-18,,,,,,,OBC,,,,,,,,,,
APP0037,application_form,Girindra Gupta,Harshil Gupta,Shivani Gupta,2005-03-18,,,,,,,OBC,Male,,,,,,,,,
APP0038,10th_marksheet,Mason Aggarwal,Siddharth Aggarwal,Ekaja Aggarwal,2006-01-27,,,2018,88.55%,,,,,,,,,,,,,
APP0038,diploma_marksheet,Mason Aggarwal,Siddharth Aggarwal,,,,,2020,76.92%,12th,,,,,,,,,,,,
APP0038,leaving_certificate,Mason Aggarwal,Siddharth Aggarwal,,2006-01-27,,,,,,,,,,,,,,,,,
APP0038,cet_scorecard,Mason Aggarwal,Siddharth Aggarwal,Ekaja Aggarwal,2006-01-27,,,,,,,OPEN,Male,,61.25%,,,,,,,
APP0038,caste_certificate,Mason Aggarwal,Siddharth Aggarwal,,2006-01-27,,,,,,,OPEN,,,,,,,,,,
APP0038,application_form,Mason Aggarwal,Siddharth Aggarwal,Ekaja Aggarwal,2006-01-27,,,,,,,OPEN,Male,,,,,,,,,
APP0039,10th_marksheet,Sanaya Pandya,Caleb Pandya,Priya Pandya,2007-05-26,,,2018,66.86%,,,,,,,,,,,,,
APP0039,diploma_marksheet,Sanaya Pandya,Caleb Pandya,,,,,2021,56.18%,Diploma,,,,,,,,,,,,
APP0039,leaving_certificate,Sanaya Pandya,Caleb Pandya,,2007-05-26,,,,,,,,,,,,,,,,,
APP0039,cet_scorecard,Sanaya Pandya,Caleb Pandya,Priya Pandya,2007-05-26,,,,,,,OPEN,Female,,98.46%,,,,,,,
APP0039,caste_certificate,Sanaya Pandya,Caleb Pandya,,2007-05-26,,,,,,,OPEN,,,,,,,,,,
APP0039,application_form,Sanaya Pandya,Caleb Pandya,Priya Pandya,2007-05-26,,,,,,,OPEN,Female,,,,,,,,,
APP0040,10th_marksheet,Finn Bail,Victor Bail,Vedika Bail,2005-06-29,,,2019,61.62%,,,,,,,,,,,,,
APP0040,diploma_marksheet,Finn Bail,Victor Bail,,,,,2021,61.09%,Diploma,,,,,,,,,,,,
APP0040,leaving_certificate,Finn Bail,Victor Bail,,2005-06-29,,,,,,,,,,,,,,,,,
APP0040,cet_scorecard,Finn Bail,Victor Bail,Vedika Bail,2005-06-29,,,,,,,OPEN,Male,,80.02%,,,,,,,
APP0040,caste_certificate,Finn Bail,Victor Bail,,2005-06-29,,,,,,,OPEN,,,,,,,,,,
APP0040,application_form,Finn Bail,Victor Bail,Vedika Bail,2005-06-29,,,,,,,OPEN,Male,,,,,,,,,
APP0041,10th_marksheet,Finn Bera,Kai Bera,Netra Bera,2005-05-18,,,2020,83.71%,,,,,,,,,,,,,
APP0041,diploma_marksheet,Finn Bera,Kai Bera,,,,,2021,87.7%,12th,,,,,,,,,,,,
APP0041,leaving_certificate,Finn Bera,Kai Bera,,2005-05-18,,,,,,,,,,,,,,,,,
APP0041,cet_scorecard,Finn Bera,Kai Bera,Netra Bera,2005-05-18,,,,,,,OBC,Male,,96.33%,,,,,,,
APP0041,caste_certificate,Finn Bera,Kai Bera,,2005-05-18,,,,,,,OBC,,,,,,,,,,
APP0041,application_form,Finn Bera,Kai Bera,Netra Bera,2005-05-18,,,,,,,OBC,Male,,,,,,,,,
APP0042,10th_marksheet,Abhiram Khosla,Patrick Khosla,Varenya Khosla,2006-06-27,,,2018,75.39%,,,,,,,,,,,,,
APP0042,diploma_marksheet,Abhiram Khosla,Patrick Khosla,,,,,2020,79.64%,Diploma,,,,,,,,,,,,
APP0042,leaving_certificate,Abhiram Khosla,Patrick Khosla,,2006-06-27,,,,,,,,,,,,,,,,,
APP0042,cet_scorecard,Abhiram Khosla,Patrick Khosla,Varenya Khosla,2006-06-27,,,,,,,OPEN,Male,,70.35%,,,,,,,
APP0042,caste_certificate,Abhiram Khosla,Patrick Khosla,,2006-06-27,,,,,,,OPEN,,,,,,,,,,
APP0042,application_form,Abhiram Khosla,Patrick Khosla,Varenya Khosla,2006-06-27,,,,,,,OPEN,Male,,,,,,,,,
APP0043,10th_marksheet,Alka Sankar,David Sankar,Unni Sankar,2005-05-13,,,2020,94.6%,,,,,,,,,,,,,
APP0043,diploma_marksheet,Alka Sankar,David Sankar,,,,,2020,69.52%,12th,,,,,,,,,,,,
APP0043,leaving_certificate,Alka Sankar,David Sankar,,2005-05-13,,,,,,,,,,,,,,,,,
APP0043,cet_scorecard,Alka Sankar,David Sankar,Unni Sankar,2005-05-13,,,,,,,OPEN,Female,,75.66%,,,,,,,
APP0043,caste_certificate,Alka Sankar,David Sankar,,2005-05-13,,,,,,,OPEN,,,,,,,,,,
APP0043,application_form,Alka Sankar,David Sankar,Unni Sankar,2005-05-13,,,,,,,OPEN,Female,,,,,,,,,
APP0044,10th_marksheet,Tripti Wagle,Samesh Wagle,Divya Wagle,2006-05-14,,,2019,82.26%,,,,,,,,,,,,,
APP0044,diploma_marksheet,Tripti Wagle,Samesh Wagle,,,,,2021,78.99%,12th,,,,,,,,,,,,
APP0044,leaving_certificate,Tripti Wagle,Samesh Wagle,,2006-05-14,,,,,,,,,,,,,,,,,
APP0044,cet_scorecard,Tripti Wagle,Samesh Wagle,Divya Wagle,2006-05-14,,,,,,,OBC,Female,,82.31%,,,,,,,
APP0044,caste_certificate,Tripti Wagle,Samesh Wagle,,2006-05-14,,,,,,,OBC,,,,,,,,,,
APP0044,application_form,Tripti Wagle,Samesh Wagle,Divya Wagle,2006-05-14,,,,,,,OBC,Female,,,,,,,,,
APP0045,10th_marksheet,Yutika Char,Ranveer Char,Raksha Char,2006-12-09,,,2018,64.47%,,,,,,,,,,,,,
APP0045,diploma_marksheet,Yutika Char,Ranveer Char,,,,,2022,65.15%,12th,,,,,,,,,,,,
APP0045,leaving_certificate,Yutika Char,Ranveer Char,,2006-12-09,,,,,,,,,,,,,,,,,
APP0045,cet_scorecard,Yutika Char,Ranveer Char,Raksha Char,2006-12-09,,,,,,,OBC,Female,,89.77%,,,,,,,
APP0045,caste_certificate,Yutika Char,Ranveer Char,,2006-12-09,,,,,,,OBC,,,,,,,,,,
APP0045,application_form,Yutika Char,Ranveer Char,Raksha Char,2006-12-09,,,,,,,OBC,Female,,,,,,,,,
APP0046,10th_marksheet,Urvi Kamdar,Hemang Kamdar,Amaira Kamdar,2004-09-27,,,2020,85.6%,,,,,,,,,,,,,
APP0046,diploma_marksheet,Urvi Kamdar,Hemang Kamdar,,,,,2022,78.85%,Diploma,,,,,,,,,,,,
APP0046,leaving_certificate,Urvi Kamdar,Hemang Kamdar,,2004-09-27,,,,,,,,,,,,,,,,,
APP0046,cet_scorecard,Urvi Kamdar,Hemang Kamdar,Amaira Kamdar,2004-09-27,,,,,,,OPEN,Female,,64.65%,,,,,,,
APP0046,caste_certificate,Urvi Kamdar,Hemang Kamdar,,2004-09-27,,,,,,,OPEN,,,,,,,,,,
APP0046,application_form,Urvi Kamdar,Hemang Kamdar,Amaira Kamdar,2004-09-27,,,,,,,OPEN,Female,,,,,,,,,
APP0047,10th_marksheet,Laksh Raghavan,Hemang Raghavan,Ishanvi Raghavan,2003-09-22,,,2018,85.36%,,,,,,,,,,,,,
APP0047,diploma_marksheet,Laksh Raghavan,Hemang Raghavan,,,,,2022,80.31%,12th,,,,,,,,,,,,
APP0047,leaving_certificate,Laksh Raghavan,Hemang Raghavan,,2003-09-22,,,,,,,,,,,,,,,,,
APP0047,cet_scorecard,Laksh Raghavan,Hemang Raghavan,Ishanvi Raghavan,2003-09-22,,,,,,,OBC,Male,,70.05%,,,,,,,
APP0047,caste_certificate,Laksh Raghavan,Hemang Raghavan,,2003-09-22,,,,,,,OBC,,,,,,,,,,
APP0047,application_form,Laksh Raghavan,Hemang Raghavan,Ishanvi Raghavan,2003-09-22,,,,,,,OBC,Male,,,,,,,,,
APP0048,10th_marksheet,Xalak Chatterjee,Mohammed Chatterjee,Diya Chatterjee,2003-05-27,,,2018,76.48%,,,,,,,,,,,,,
APP0048,diploma_marksheet,Xalak Chatterjee,Mohammed Chatterjee,,,,,2022,83.8%,12th,,,,,,,,,,,,
APP0048,leaving_certificate,Xalak Chatterjee,Mohammed Chatterjee,,2003-05-27,,,,,,,,,,,,,,,,,
APP0048,cet_scorecard,Xalak Chatterjee,Mohammed Chatterjee,Diya Chatterjee,2003-05-27,,,,,,,OPEN,Female,,91.83%,,,,,,,
APP0048,caste_certificate,Xalak Chatterjee,Mohammed Chatterjee,,2003-05-27,,,,,,,OPEN,,,,,,,,,,
APP0048,application_form,Xalak Chatterjee,Mohammed Chatterjee,Diya Chatterjee,2003-05-27,,,,,,,OPEN,Female,,,,,,,,,
APP0049,10th_marksheet,Simon Andra,Ryan Andra,Bhavini Andra,2003-03-25,,,2019,94.32%,,,,,,,,,,,,,
APP0049,diploma_marksheet,Simon Andra,Ryan Andra,,,,,2020,80.84%,Diploma,,,,,,,,,,,,
APP0049,leaving_certificate,Simon Andra,Ryan Andra,,2003-03-25,,,,,,,,,,,,,,,,,
APP0049,cet_scorecard,Simon Andra,Ryan Andra,Bhavini Andra,2003-03-25,,,,,,,OPEN,Male,,92.66%,,,,,,,
APP0049,caste_certificate,Simon Andra,Ryan Andra,,2003-03-25,,,,,,,OPEN,,,,,,,,,,
APP0049,application_form,Simon Andra,Ryan Andra,Bhavini Andra,2003-03-25,,,,,,,OPEN,Male,,,,,,,,,
APP0050,10th_marksheet,Eshana Thaman,Ishwar Thaman,Vasudha Thaman,2003-03-30,,,2019,88.25%,,,,,,,,,,,,,
APP0050,diploma_marksheet,Eshana Thaman,Ishwar Thaman,,,,,2021,58.0%,12th,,,,,,,,,,,,
APP0050,leaving_certificate,Eshana Thaman,Ishwar Thaman,,2003-03-30,,,,,,,,,,,,,,,,,
APP0050,cet_scorecard,Eshana Thaman,Ishwar Thaman,Vasudha Thaman,2003-03-30,,,,,,,EWS,Female,,88.13%,,,,,,,
APP0050,caste_certificate,Eshana Thaman,Ishwar Thaman,,2003-03-30,,,,,,,EWS,,,,,,,,,,
APP0050,application_form,Eshana Thaman,Ishwar Thaman,Vasudha Thaman,2003-03-30,,,,,,,EWS,Female,,,,,,,,,
APP0051,10th_marksheet,Lucky Pingle,Theodore Pingle,Isha Pingle,2004-06-16,,,2018,89.12%,,,,,,,,,,,,,
APP0051,diploma_marksheet,Lucky Pingle,Theodore Pingle,,,,,2022,72.41%,12th,,,,,,,,,,,,
APP0051,leaving_certificate,Lucky Pingle,Theodore Pingle,,2004-06-16,,,,,,,,,,,,,,,,,
APP0051,cet_scorecard,Lucky Pingle,Theodore Pingle,Isha Pingle,2004-06-16,,,,,,,OPEN,Male,,96.39%,,,,,,,
APP0051,caste_certificate,Lucky Pingle,Theodore Pingle,,2004-06-16,,,,,,,OPEN,,,,,,,,,,
APP0051,application_form,Lucky Pingle,Theodore Pingle,Isha Pingle,2004-06-16,,,,,,,OPEN,Male,,,,,,,,,
APP0052,10th_marksheet,Logan Dara,Rayaan Dara,Zaitra Dara,2006-05-14,,,2018,66.55%,,,,,,,,,,,,,
APP0052,diploma_marksheet,Logan Dara,Rayaan Dara,,,,,2021,63.97%,Diploma,,,,,,,,,,,,
APP0052,leaving_certificate,Logan Dara,Rayaan Dara,,2006-05-14,,,,,,,,,,,,,,,,,
APP0052,cet_scorecard,Logan Dara,Rayaan Dara,Zaitra Dara,2006-05-14,,,,,,,OPEN,Male,,79.93%,,,,,,,
APP0052,caste_certificate,Logan Dara,Rayaan Dara,,2006-05-14,,,,,,,OPEN,,,,,,,,,,
APP0052,application_form,Logan Dara,Rayaan Dara,Zaitra Dara,2006-05-14,,,,,,,OPEN,Male,,,,,,,,,
APP0053,10th_marksheet,Zaitra Kashyap,Orinder Kashyap,Oviya Kashyap,2006-05-29,,,2019,91.27%,,,,,,,,,,,,,
APP0053,diploma_marksheet,Zaitra Kashyap,Orinder Kashyap,,,,,2022,77.95%,12th,,,,,,,,,,,,
APP0053,leaving_certificate,Zaitra Kashyap,Orinder Kashyap,,2006-05-29,,,,,,,,,,,,,,,,,
APP0053,cet_scorecard,Zaitra Kashyap,Orinder Kashyap,Oviya Kashyap,2006-05-29,,,,,,,SC/ST,Female,,77.61%,,,,,,,
APP0053,caste_certificate,Zaitra Kashyap,Orinder Kashyap,,2006-05-29,,,,,,,SC/ST,,,,,,,,,,
APP0053,application_form,Zaitra Kashyap,Orinder Kashyap,Oviya Kashyap,2006-05-29,,,,,,,SC/ST,Female,,,,,,,,,
APP0054,10th_marksheet,Jeevika Karnik,Shivansh Karnik,Lekha Karnik,2005-03-31,,,2020,94.94%,,,,,,,,,,,,,
APP0054,diploma_marksheet,Jeevika Karnik,Shivansh Karnik,,,,,2022,91.17%,Diploma,,,,,,,,,,,,
APP0054,leaving_certificate,Jeevika Karnik,Shivansh Karnik,,2005-03-31,,,,,,,,,,,,,,,,,
APP0054,cet_scorecard,Jeevika Karnik,Shivansh Karnik,Lekha Karnik,2005-03-31,,,,,,,OBC,Female,,85.91%,,,,,,,
APP0054,caste_certificate,Jeevika Karnik,Shivansh Karnik,,2005-03-31,,,,,,,OBC,,,,,,,,,,
APP0054,application_form,Jeevika Karnik,Shivansh Karnik,Lekha Karnik,2005-03-31,,,,,,,OBC,Female,,,,,,,,,
APP0055,10th_marksheet,Lavanya Saini,Victor Saini,Ishanvi Saini,2007-06-05,,,2019,96.43%,,,,,,,,,,,,,
APP0055,diploma_marksheet,Lavanya Saini,Victor Saini,,,,,2022,77.43%,Diploma,,,,,,,,,,,,
APP0055,leaving_certificate,Lavanya Saini,Victor Saini,,2007-06-05,,,,,,,,,,,,,,,,,
APP0055,cet_scorecard,Lavanya Saini,Victor Saini,Ishanvi Saini,2007-06-05,,,,,,,SC/ST,Female,,88.27%,,,,,,,
APP0055,caste_certificate,Lavanya Saini,Victor Saini,,2007-06-05,,,,,,,SC/ST,,,,,,,,,,
APP0055,application_form,Lavanya Saini,Victor Saini,Ishanvi Saini,2007-06-05,,,,,,,SC/ST,Female,,,,,,,,,
APP0056,10th_marksheet,Timothy Seth,Abhimanyu Seth,Kamya Seth,2006-01-30,,,2019,96.81%,,,,,,,,,,,,,
APP0056,diploma_marksheet,Timothy Seth,Abhimanyu Seth,,,,,2020,74.28%,12th,,,,,,,,,,,,
APP0056,leaving_certificate,Timothy Seth,Abhimanyu Seth,,2006-01-30,,,,,,,,,,,,,,,,,
APP0056,cet_scorecard,Timothy Seth,Abhimanyu Seth,Kamya Seth,2006-01-30,,,,,,,SC/ST,Male,,82.46%,,,,,,,
APP0056,caste_certificate,Timothy Seth,Abhimanyu Seth,,2006-01-30,,,,,,,SC/ST,,,,,,,,,,
APP0056,application_form,Timothy Seth,Abhimanyu Seth,Kamya Seth,2006-01-30,,,,,,,SC/ST,Male,,,,,,,,,
APP0057,10th_marksheet,Damini Basu,Karan Basu,Gaurangi Basu,2003-11-28,,,2019,60.3%,,,,,,,,,,,,,
APP0057,diploma_marksheet,Damini Basu,Karan Basu,,,,,2021,80.0%,Diploma,,,,,,,,,,,,
APP0057,leaving_certificate,Damini Basu,Karan Basu,,2003-11-28,,,,,,,,,,,,,,,,,
APP0057,cet_scorecard,Damini Basu,Karan Basu,Gaurangi Basu,2003-11-28,,,,,,,EWS,Female,,77.97%,,,,,,,
APP0057,caste_certificate,Damini Basu,Karan Basu,,2003-11-28,,,,,,,EWS,,,,,,,,,,
APP0057,application_form,Damini Basu,Karan Basu,Gaurangi Basu,2003-11-28,,,,,,,EWS,Female,,,,,,,,,
APP0058,10th_marksheet,Qabil Saraf,Manthan Saraf,Aarna Saraf,2004-08-03,,,2018,91.82%,,,,,,,,,,,,,
APP0058,diploma_marksheet,Qabil Saraf,Manthan Saraf,,,,,2021,74.5%,Diploma,,,,,,,,,,,,
APP0058,leaving_certificate,Qabil Saraf,Manthan Saraf,,2004-08-03,,,,,,,,,,,,,,,,,
APP0058,cet_scorecard,Qabil Saraf,Manthan Saraf,Aarna Saraf,2004-08-03,,,,,,,OBC,Male,,93.13%,,,,,,,
APP0058,caste_certificate,Qabil Saraf,Manthan Saraf,,2004-08-03,,,,,,,OBC,,,,,,,,,,
APP0058,application_form,Qabil Saraf,Manthan Saraf,Aarna Saraf,2004-08-03,,,,,,,OBC,Male,,,,,,,,,
APP0059,10th_marksheet,Urishilla Patel,Frederick Patel,Yochana Patel,2006-07-18,,,2019,80.0%,,,,,,,,,,,,,
APP0059,diploma_marksheet,Urishilla Patel,Frederick Patel,,,,,2020,91.9%,Diploma,,,,,,,,,,,,
APP0059,leaving_certificate,Urishilla Patel,Frederick Patel,,2006-07-18,,,,,,,,,,,,,,,,,
APP0059,cet_scorecard,Urishilla Patel,Frederick Patel,Yochana Patel,2006-07-18,,,,,,,OPEN,Female,,92.86%,,,,,,,
APP0059,caste_certificate,Urishilla Patel,Frederick Patel,,2006-07-18,,,,,,,OPEN,,,,,,,,,,
APP0059,application_form,Urishilla Patel,Frederick Patel,Yochana Patel,2006-07-18,,,,,,,OPEN,Female,,,,,,,,,
APP0060,10th_marksheet,Samuel Hans,Abeer Hans,Bimala Hans,2004-02-28,,,2018,77.99%,,,,,,,,,,,,,
APP0060,diploma_marksheet,Samuel Hans,Abeer Hans,,,,,2022,56.06%,Diploma,,,,,,,,,,,,
APP0060,leaving_certificate,Samuel Hans,Abeer Hans,,2004-02-28,,,,,,,,,,,,,,,,,
APP0060,cet_scorecard,Samuel Hans,Abeer Hans,Bimala Hans,2004-02-28,,,,,,,SC/ST,Male,,63.38%,,,,,,,
APP0060,caste_certificate,Samuel Hans,Abeer Hans,,2004-02-28,,,,,,,SC/ST,,,,,,,,,,
APP0060,application_form,Samuel Hans,Abeer Hans,Bimala Hans,2004-02-28,,,,,,,SC/ST,Male,,,,,,,,,
APP0061,10th_marksheet,Pranit Palan,Noah Palan,Warhi Palan,2007-05-19,,,2018,88.27%,,,,,,,,,,,,,
APP0061,diploma_marksheet,Pranit Palan,Noah Palan,,,,,2022,82.15%,12th,,,,,,,,,,,,
APP0061,leaving_certificate,Pranit Palan,Noah Palan,,2007-05-19,,,,,,,,,,,,,,,,,
APP0061,cet_scorecard,Pranit Palan,Noah Palan,Warhi Palan,2007-05-19,,,,,,,SC/ST,Male,,96.41%,,,,,,,
APP0061,caste_certificate,Pranit Palan,Noah Palan,,2007-05-19,,,,,,,SC/ST,,,,,,,,,,
APP0061,application_form,Pranit Palan,Noah Palan,Warhi Palan,2007-05-19,,,,,,,SC/ST,Male,,,,,,,,,
APP0062,10th_marksheet,Odika Khurana,Karan Khurana,Bhavini Khurana,2004-04-30,,,2018,93.57%,,,,,,,,,,,,,
APP0062,diploma_marksheet,Odika Khurana,Karan Khurana,,,,,2021,55.24%,12th,,,,,,,,,,,,
APP0062,leaving_certificate,Odika Khurana,Karan Khurana,,2004-04-30,,,,,,,,,,,,,,,,,
APP0062,cet_scorecard,Odika Khurana,Karan Khurana,Bhavini Khurana,2004-04-30,,,,,,,OPEN,Female,,70.93%,,,,,,,
APP0062,caste_certificate,Odika Khurana,Karan Khurana,,2004-04-30,,,,,,,OPEN,,,,,,,,,,
APP0062,application_form,Odika Khurana,Karan Khurana,Bhavini Khurana,2004-04-30,,,,,,,OPEN,Female,,,,,,,,,
APP0063,10th_marksheet,Andrew Morar,Luke Morar,Saumya Morar,2005-12-09,,,2018,80.72%,,,,,,,,,,,,,
APP0063,diploma_marksheet,Andrew Morar,Luke Morar,,,,,2021,87.5%,12th,,,,,,,,,,,,
APP0063,leaving_certificate,Andrew Morar,Luke Morar,,2005-12-09,,,,,,,,,,,,,,,,,
APP0063,cet_scorecard,Andrew Morar,Luke Morar,Saumya Morar,2005-12-09,,,,,,,EWS,Male,,78.37%,,,,,,,
APP0063,caste_certificate,Andrew Morar,Luke Morar,,2005-12-09,,,,,,,EWS,,,,,,,,,,
APP0063,application_form,Andrew Morar,Luke Morar,Saumya Morar,2005-12-09,,,,,,,EWS,Male,,,,,,,,,
APP0064,10th_marksheet,Chakradhar Dixit,Dalbir Dixit,Vrishti Dixit,2007-06-20,,,2019,89.34%,,,,,,,,,,,,,
APP0064,diploma_marksheet,Chakradhar Dixit,Dalbir Dixit,,,,,2020,73.15%,12th,,,,,,,,,,,,
APP0064,leaving_certificate,Chakradhar Dixit,Dalbir Dixit,,2007-06-20,,,,,,,,,,,,,,,,,
APP0064,cet_scorecard,Chakradhar Dixit,Dalbir Dixit,Vrishti Dixit,2007-06-20,,,,,,,SC/ST,Male,,90.96%,,,,,,,
APP0064,caste_certificate,Chakradhar Dixit,Dalbir Dixit,,2007-06-20,,,,,,,SC/ST,,,,,,,,,,
APP0064,application_form,Chakradhar Dixit,Dalbir Dixit,Vrishti Dixit,2007-06-20,,,,,,,SC/ST,Male,,,,,,,,,
APP0065,10th_marksheet,Kabir Peri,Gunbir Peri,Geetika Peri,2007-02-09,,,2020,82.3%,,,,,,,,,,,,,
APP0065,diploma_marksheet,Kabir Peri,Gunbir Peri,,,,,2021,86.81%,Diploma,,,,,,,,,,,,
APP0065,leaving_certificate,Kabir Peri,Gunbir Peri,,2007-02-09,,,,,,,,,,,,,,,,,
APP0065,cet_scorecard,Kabir Peri,Gunbir Peri,Geetika Peri,2007-02-09,,,,,,,SC/ST,Male,,97.94%,,,,,,,
APP0065,caste_certificate,Kabir Peri,Gunbir Peri,,2007-02-09,,,,,,,SC/ST,,,,,,,,,,
APP0065,application_form,Kabir Peri,Gunbir Peri,Geetika Peri,2007-02-09,,,,,,,SC/ST,Male,,,,,,,,,
APP0066,10th_marksheet,Pranit Bala,Kiaan Bala,Chasmum Bala,2003-01-17,,,2018,81.59%,,,,,,,,,,,,,
APP0066,diploma_marksheet,Pranit Bala,Kiaan Bala,,,,,2022,68.74%,Diploma,,,,,,,,,,,,
APP0066,leaving_certificate,Pranit Bala,Kiaan Bala,,2003-01-17,,,,,,,,,,,,,,,,,
APP0066,cet_scorecard,Pranit Bala,Kiaan Bala,Chasmum Bala,2003-01-17,,,,,,,OBC,Male,,96.72%,,,,,,,
APP0066,caste_certificate,Pranit Bala,Kiaan Bala,,2003-01-17,,,,,,,OBC,,,,,,,,,,
APP0066,application_form,Pranit Bala,Kiaan Bala,Chasmum Bala,2003-01-17,,,,,,,OBC,Male,,,,,,,,,
APP0067,10th_marksheet,Nandini Deol,Baljiwan Deol,Indira Deol,2006-04-19,,,2018,65.88%,,,,,,,,,,,,,
APP0067,diploma_marksheet,Nandini Deol,Baljiwan Deol,,,,,2021,62.77%,Diploma,,,,,,,,,,,,
APP0067,leaving_certificate,Nandini Deol,Baljiwan Deol,,2006-04-19,,,,,,,,,,,,,,,,,
APP0067,cet_scorecard,Nandini Deol,Baljiwan Deol,Indira Deol,2006-04-19,,,,,,,OPEN,Female,,80.51%,,,,,,,
APP0067,caste_certificate,Nandini Deol,Baljiwan Deol,,2006-04-19,,,,,,,OPEN,,,,,,,,,,
APP0067,application_form,Nandini Deol,Baljiwan Deol,Indira Deol,2006-04-19,,,,,,,OPEN,Female,,,,,,,,,
APP0068,10th_marksheet,Gaurangi Roy,Shivansh Roy,Tamanna Roy,2003-03-27,,,2019,69.74%,,,,,,,,,,,,,
APP0068,diploma_marksheet,Gaurangi Roy,Shivansh Roy,,,,,2020,93.42%,Diploma,,,,,,,,,,,,
APP0068,leaving_certificate,Gaurangi Roy,Shivansh Roy,,2003-03-27,,,,,,,,,,,,,,,,,
APP0068,cet_scorecard,Gaurangi Roy,Shivansh Roy,Tamanna Roy,2003-03-27,,,,,,,OBC,Female,,87.38%,,,,,,,
APP0068,caste_certificate,Gaurangi Roy,Shivansh Roy,,2003-03-27,,,,,,,OBC,,,,,,,,,,
APP0068,application_form,Gaurangi Roy,Shivansh Roy,Tamanna Roy,2003-03-27,,,,,,,OBC,Female,,,,,,,,,
APP0069,10th_marksheet,Samesh Chand,Yatin Chand,Amaira Chand,2003-10-31,,,2018,78.09%,,,,,,,,,,,,,
APP0069,diploma_marksheet,Samesh Chand,Yatin Chand,,,,,2020,84.88%,12th,,,,,,,,,,,,
APP0069,leaving_certificate,Samesh Chand,Yatin Chand,,2003-10-31,,,,,,,,,,,,,,,,,
APP0069,cet_scorecard,Samesh Chand,Yatin Chand,Amaira Chand,2003-10-31,,,,,,,OBC,Male,,82.5%,,,,,,,
APP0069,caste_certificate,Samesh Chand,Yatin Chand,,2003-10-31,,,,,,,OBC,,,,,,,,,,
APP0069,application_form,Samesh Chand,Yatin Chand,Amaira Chand,2003-10-31,,,,,,,OBC,Male,,,,,,,,,
APP0070,10th_marksheet,Oni Atwal,Abdul Atwal,Wishi Atwal,2005-07-10,,,2018,88.64%,,,,,,,,,,,,,
APP0070,diploma_marksheet,Oni Atwal,Abdul Atwal,,,,,2020,66.14%,12th,,,,,,,,,,,,
APP0070,leaving_certificate,Oni Atwal,Abdul Atwal,,2005-07-10,,,,,,,,,,,,,,,,,
APP0070,cet_scorecard,Oni Atwal,Abdul Atwal,Wishi Atwal,2005-07-10,,,,,,,SC/ST,Female,,92.27%,,,,,,,
APP0070,caste_certificate,Oni Atwal,Abdul Atwal,,2005-07-10,,,,,,,SC/ST,,,,,,,,,,
APP0070,application_form,Oni Atwal,Abdul Atwal,Wishi Atwal,2005-07-10,,,,,,,SC/ST,Female,,,,,,,,,
APP0071,10th_marksheet,Lavanya Goswami,Yagnesh Goswami,Gauri Goswami,2007-06-13,,,2019,87.16%,,,,,,,,,,,,,
APP0071,diploma_marksheet,Lavanya Goswami,Yagnesh Goswami,,,,,2021,93.4%,12th,,,,,,,,,,,,
APP0071,leaving_certificate,Lavanya Goswami,Yagnesh Goswami,,2007-06-13,,,,,,,,,,,,,,,,,
APP0071,cet_scorecard,Lavanya Goswami,Yagnesh Goswami,Gauri Goswami,2007-06-13,,,,,,,OPEN,Female,,88.24%,,,,,,,
APP0071,caste_certificate,Lavanya Goswami,Yagnesh Goswami,,2007-06-13,,,,,,,OPEN,,,,,,,,,,
APP0071,application_form,Lavanya Goswami,Yagnesh Goswami,Gauri Goswami,2007-06-13,,,,,,,OPEN,Female,,,,,,,,,
APP0072,10th_marksheet,Shivani Ranganathan,Rudra Ranganathan,Jasmit Ranganathan,2006-05-18,,,2020,75.68%,,,,,,,,,,,,,
APP0072,diploma_marksheet,Shivani Ranganathan,Rudra Ranganathan,,,,,2022,91.78%,Diploma,,,,,,,,,,,,
APP0072,leaving_certificate,Shivani Ranganathan,Rudra Ranganathan,,2006-05-18,,,,,,,,,,,,,,,,,
APP0072,cet_scorecard,Shivani Ranganathan,Rudra Ranganathan,Jasmit Ranganathan,2006-05-18,,,,,,,OBC,Female,,62.4%,,,,,,,
APP0072,caste_certificate,Shivani Ranganathan,Rudra Ranganathan,,2006-05-18,,,,,,,OBC,,,,,,,,,,
APP0072,application_form,Shivani Ranganathan,Rudra Ranganathan,Jasmit Ranganathan,2006-05-18,,,,,,,OBC,Female,,,,,,,,,
APP0073,10th_marksheet,Christopher Nazareth,Qarin Nazareth,Eta Nazareth,2005-01-14,,,2019,74.08%,,,,,,,,,,,,,
APP0073,diploma_marksheet,Christopher Nazareth,Qarin Nazareth,,,,,2022,72.64%,12th,,,,,,,,,,,,
APP0073,leaving_certificate,Christopher Nazareth,Qarin Nazareth,,2005-01-14,,,,,,,,,,,,,,,,,
APP0073,cet_scorecard,Christopher Nazareth,Qarin Nazareth,Eta Nazareth,2005-01-14,,,,,,,OBC,Male,,71.59%,,,,,,,
APP0073,caste_certificate,Christopher Nazareth,Qarin Nazareth,,2005-01-14,,,,,,,OBC,,,,,,,,,,
APP0073,application_form,Christopher Nazareth,Qarin Nazareth,Eta Nazareth,2005-01-14,,,,,,,OBC,Male,,,,,,,,,
APP0074,10th_marksheet,Wishi Kunda,Advaith Kunda,Unnati Kunda,2003-11-21,,,2018,94.6%,,,,,,,,,,,,,
APP0074,diploma_marksheet,Wishi Kunda,Advaith Kunda,,,,,2021,92.26%,12th,,,,,,,,,,,,
APP0074,leaving_certificate,Wishi Kunda,Advaith Kunda,,2003-11-21,,,,,,,,,,,,,,,,,
APP0074,cet_scorecard,Wishi Kunda,Advaith Kunda,Unnati Kunda,2003-11-21,,,,,,,OPEN,Female,,92.29%,,,,,,,
APP0074,caste_certificate,Wishi Kunda,Advaith Kunda,,2003-11-21,,,,,,,OPEN,,,,,,,,,,
APP0074,application_form,Wishi Kunda,Advaith Kunda,Unnati Kunda,2003-11-21,,,,,,,OPEN,Female,,,,,,,,,
APP0075,10th_marksheet,Urmi Gaba,Dakshesh Gaba,Widisha Gaba,2003-04-11,,,2019,60.85%,,,,,,,,,,,,,
APP0075,diploma_marksheet,Urmi Gaba,Dakshesh Gaba,,,,,2020,68.35%,12th,,,,,,,,,,,,
APP0075,leaving_certificate,Urmi Gaba,Dakshesh Gaba,,2003-04-11,,,,,,,,,,,,,,,,,
APP0075,cet_scorecard,Urmi Gaba,Dakshesh Gaba,Widisha Gaba,2003-04-11,,,,,,,OPEN,Female,,61.35%,,,,,,,
APP0075,caste_certificate,Urmi Gaba,Dakshesh Gaba,,2003-04-11,,,,,,,OPEN,,,,,,,,,,
APP0075,application_form,Urmi Gaba,Dakshesh Gaba,Widisha Gaba,2003-04-11,,,,,,,OPEN,Female,,,,,,,,,
APP0076,10th_marksheet,Balveer Mallick,Girik Mallick,Harita Mallick,2006-06-13,,,2019,93.55%,,,,,,,,,,,,,
APP0076,diploma_marksheet,Balveer Mallick,Girik Mallick,,,,,2020,91.51%,Diploma,,,,,,,,,,,,
APP0076,leaving_certificate,Balveer Mallick,Girik Mallick,,2006-06-13,,,,,,,,,,,,,,,,,
APP0076,cet_scorecard,Balveer Mallick,Girik Mallick,Harita Mallick,2006-06-13,,,,,,,SC/ST,Male,,91.87%,,,,,,,
APP0076,caste_certificate,Balveer Mallick,Girik Mallick,,2006-06-13,,,,,,,SC/ST,,,,,,,,,,
APP0076,application_form,Balveer Mallick,Girik Mallick,Harita Mallick,2006-06-13,,,,,,,SC/ST,Male,,,,,,,,,
APP0077,10th_marksheet,Upkaar Tiwari,Luke Tiwari,Yasti Tiwari,2003-02-13,,,2019,74.59%,,,,,,,,,,,,,
APP0077,diploma_marksheet,Upkaar Tiwari,Luke Tiwari,,,,,2022,69.0%,Diploma,,,,,,,,,,,,
APP0077,leaving_certificate,Upkaar Tiwari,Luke Tiwari,,2003-02-13,,,,,,,,,,,,,,,,,
APP0077,cet_scorecard,Upkaar Tiwari,Luke Tiwari,Yasti Tiwari,2003-02-13,,,,,,,SC/ST,Male,,64.16%,,,,,,,
APP0077,caste_certificate,Upkaar Tiwari,Luke Tiwari,,2003-02-13,,,,,,,SC/ST,,,,,,,,,,
APP0077,application_form,Upkaar Tiwari,Luke Tiwari,Yasti Tiwari,2003-02-13,,,,,,,SC/ST,Male,,,,,,,,,
APP0078,10th_marksheet,Aditya Chhabra,Nathaniel Chhabra,Tara Chhabra,2004-07-29,,,2019,84.58%,,,,,,,,,,,,,
APP0078,diploma_marksheet,Aditya Chhabra,Nathaniel Chhabra,,,,,2021,72.38%,Diploma,,,,,,,,,,,,
APP0078,leaving_certificate,Aditya Chhabra,Nathaniel Chhabra,,2004-07-29,,,,,,,,,,,,,,,,,
APP0078,cet_scorecard,Aditya Chhabra,Nathaniel Chhabra,Tara Chhabra,2004-07-29,,,,,,,EWS,Male,,74.25%,,,,,,,
APP0078,caste_certificate,Aditya Chhabra,Nathaniel Chhabra,,2004-07-29,,,,,,,EWS,,,,,,,,,,
APP0078,application_form,Aditya Chhabra,Nathaniel Chhabra,Tara Chhabra,2004-07-29,,,,,,,EWS,Male,,,,,,,,,
APP0079,10th_marksheet,Qarin Date,Dev Date,Vinaya Date,2005-08-06,,,2018,64.64%,,,,,,,,,,,,,
APP0079,diploma_marksheet,Qarin Date,Dev Date,,,,,2022,64.47%,12th,,,,,,,,,,,,
APP0079,leaving_certificate,Qarin Date,Dev Date,,2005-08-06,,,,,,,,,,,,,,,,,
APP0079,cet_scorecard,Qarin Date,Dev Date,Vinaya Date,2005-08-06,,,,,,,SC/ST,Male,,82.87%,,,,,,,
APP0079,caste_certificate,Qarin Date,Dev Date,,2005-08-06,,,,,,,SC/ST,,,,,,,,,,
APP0079,application_form,Qarin Date,Dev Date,Vinaya Date,2005-08-06,,,,,,,SC/ST,Male,,,,,,,,,
APP0080,10th_marksheet,Manbir Jhaveri,Finn Jhaveri,Idika Jhaveri,2007-04-02,,,2018,64.64%,,,,,,,,,,,,,
APP0080,diploma_marksheet,Manbir Jhaveri,Finn Jhaveri,,,,,2022,67.34%,Diploma,,,,,,,,,,,,
APP0080,leaving_certificate,Manbir Jhaveri,Finn Jhaveri,,2007-04-02,,,,,,,,,,,,,,,,,
APP0080,cet_scorecard,Manbir Jhaveri,Finn Jhaveri,Idika Jhaveri,2007-04-02,,,,,,,OPEN,Male,,80.23%,,,,,,,
APP0080,caste_certificate,Manbir Jhaveri,Finn Jhaveri,,2007-04-02,,,,,,,OPEN,,,,,,,,,,
APP0080,application_form,Manbir Jhaveri,Finn Jhaveri,Idika Jhaveri,2007-04-02,,,,,,,OPEN,Male,,,,,,,,,
APP0081,10th_marksheet,Brijesh Chahal,Harsh Chahal,Kavya Chahal,2003-04-01,,,2020,61.88%,,,,,,,,,,,,,
APP0081,diploma_marksheet,Brijesh Chahal,Harsh Chahal,,,,,2021,84.94%,Diploma,,,,,,,,,,,,
APP0081,leaving_certificate,Brijesh Chahal,Harsh Chahal,,2003-04-01,,,,,,,,,,,,,,,,,
APP0081,cet_scorecard,Brijesh Chahal,Harsh Chahal,Kavya Chahal,2003-04-01,,,,,,,OBC,Male,,80.26%,,,,,,,
APP0081,caste_certificate,Brijesh Chahal,Harsh Chahal,,2003-04-01,,,,,,,OBC,,,,,,,,,,
APP0081,application_form,Brijesh Chahal,Harsh Chahal,Kavya Chahal,2003-04-01,,,,,,,OBC,Male,,,,,,,,,
APP0082,10th_marksheet,Yochana Salvi,Fariq Salvi,Ati Salvi,2003-07-02,,,2019,67.62%,,,,,,,,,,,,,
APP0082,diploma_marksheet,Yochana Salvi,Fariq Salvi,,,,,2022,56.55%,Diploma,,,,,,,,,,,,
APP0082,leaving_certificate,Yochana Salvi,Fariq Salvi,,2003-07-02,,,,,,,,,,,,,,,,,
APP0082,cet_scorecard,Yochana Salvi,Fariq Salvi,Ati Salvi,2003-07-02,,,,,,,SC/ST,Female,,72.31%,,,,,,,
APP0082,caste_certificate,Yochana Salvi,Fariq Salvi,,2003-07-02,,,,,,,SC/ST,,,,,,,,,,
APP0082,application_form,Yochana Salvi,Fariq Salvi,Ati Salvi,2003-07-02,,,,,,,SC/ST,Female,,,,,,,,,
APP0083,10th_marksheet,Chandran Doctor,Samarth Doctor,Kashvi Doctor,2005-07-14,,,2019,64.8%,,,,,,,,,,,,,
APP0083,diploma_marksheet,Chandran Doctor,Samarth Doctor,,,,,2020,74.28%,12th,,,,,,,,,,,,
APP0083,leaving_certificate,Chandran Doctor,Samarth Doctor,,2005-07-14,,,,,,,,,,,,,,,,,
APP0083,cet_scorecard,Chandran Doctor,Samarth Doctor,Kashvi Doctor,2005-07-14,,,,,,,OBC,Male,,69.59%,,,,,,,
APP0083,caste_certificate,Chandran Doctor,Samarth Doctor,,2005-07-14,,,,,,,OBC,,,,,,,,,,
APP0083,application_form,Chandran Doctor,Samarth Doctor,Kashvi Doctor,2005-07-14,,,,,,,OBC,Male,,,,,,,,,
APP0084,10th_marksheet,Madhav Mani,Dalbir Mani,Ekantika Mani,2007-03-13,,,2020,81.65%,,,,,,,,,,,,,
APP0084,diploma_marksheet,Madhav Mani,Dalbir Mani,,,,,2022,89.58%,Diploma,,,,,,,,,,,,
APP0084,leaving_certificate,Madhav Mani,Dalbir Mani,,2007-03-13,,,,,,,,,,,,,,,,,
APP0084,cet_scorecard,Madhav Mani,Dalbir Mani,Ekantika Mani,2007-03-13,,,,,,,OPEN,Male,,78.57%,,,,,,,
APP0084,caste_certificate,Madhav Mani,Dalbir Mani,,2007-03-13,,,,,,,OPEN,,,,,,,,,,
APP0084,application_form,Madhav Mani,Dalbir Mani,Ekantika Mani,2007-03-13,,,,,,,OPEN,Male,,,,,,,,,
APP0085,10th_marksheet,Veda Pradhan,Veer Pradhan,Radha Pradhan,2003-06-27,,,2019,68.14%,,,,,,,,,,,,,
APP0085,diploma_marksheet,Veda Pradhan,Veer Pradhan,,,,,2020,71.4%,12th,,,,,,,,,,,,
APP0085,leaving_certificate,Veda Pradhan,Veer Pradhan,,2003-06-27,,,,,,,,,,,,,,,,,
APP0085,cet_scorecard,Veda Pradhan,Veer Pradhan,Radha Pradhan,2003-06-27,,,,,,,OBC,Female,,78.91%,,,,,,,
APP0085,caste_certificate,Veda Pradhan,Veer Pradhan,,2003-06-27,,,,,,,OBC,,,,,,,,,,
APP0085,application_form,Veda Pradhan,Veer Pradhan,Radha Pradhan,2003-06-27,,,,,,,OBC,Female,,,,,,,,,
APP0086,10th_marksheet,Tristan Salvi,Charan Salvi,Ubika Salvi,2004-11-14,,,2020,89.17%,,,,,,,,,,,,,
APP0086,diploma_marksheet,Tristan Salvi,Charan Salvi,,,,,2020,78.65%,12th,,,,,,,,,,,,
APP0086,leaving_certificate,Tristan Salvi,Charan Salvi,,2004-11-14,,,,,,,,,,,,,,,,,
APP0086,cet_scorecard,Tristan Salvi,Charan Salvi,Ubika Salvi,2004-11-14,,,,,,,OPEN,Male,,93.16%,,,,,,,
APP0086,caste_certificate,Tristan Salvi,Charan Salvi,,2004-11-14,,,,,,,OPEN,,,,,,,,,,
APP0086,application_form,Tristan Salvi,Charan Salvi,Ubika Salvi,2004-11-14,,,,,,,OPEN,Male,,,,,,,,,
APP0087,10th_marksheet,Nicholas Bawa,Mason Bawa,Nidhi Bawa,2006-05-30,,,2018,91.58%,,,,,,,,,,,,,
APP0087,diploma_marksheet,Nicholas Bawa,Mason Bawa,,,,,2021,58.09%,Diploma,,,,,,,,,,,,
APP0087,leaving_certificate,Nicholas Bawa,Mason Bawa,,2006-05-30,,,,,,,,,,,,,,,,,
APP0087,cet_scorecard,Nicholas Bawa,Mason Bawa,Nidhi Bawa,2006-05-30,,,,,,,SC/ST,Male,,96.4%,,,,,,,
APP0087,caste_certificate,Nicholas Bawa,Mason Bawa,,2006-05-30,,,,,,,SC/ST,,,,,,,,,,
APP0087,application_form,Nicholas Bawa,Mason Bawa,Nidhi Bawa,2006-05-30,,,,,,,SC/ST,Male,,,,,,,,,
APP0088,10th_marksheet,Viraj Merchant,Isaiah Merchant,Yauvani Merchant,2004-12-01,,,2018,77.19%,,,,,,,,,,,,,
APP0088,diploma_marksheet,Viraj Merchant,Isaiah Merchant,,,,,2022,90.06%,Diploma,,,,,,,,,,,,
APP0088,leaving_certificate,Viraj Merchant,Isaiah Merchant,,2004-12-01,,,,,,,,,,,,,,,,,
APP0088,cet_scorecard,Viraj Merchant,Isaiah Merchant,Yauvani Merchant,2004-12-01,,,,,,,OBC,Male,,92.43%,,,,,,,
APP0088,caste_certificate,Viraj Merchant,Isaiah Merchant,,2004-12-01,,,,,,,OBC,,,,,,,,,,
APP0088,application_form,Viraj Merchant,Isaiah Merchant,Yauvani Merchant,2004-12-01,,,,,,,OBC,Male,,,,,,,,,
APP0089,10th_marksheet,Tamanna Upadhyay,Rehaan Upadhyay,Leena Upadhyay,2005-01-12,,,2019,61.41%,,,,,,,,,,,,,
APP0089,diploma_marksheet,Tamanna Upadhyay,Rehaan Upadhyay,,,,,2020,72.51%,12th,,,,,,,,,,,,
APP0089,leaving_certificate,Tamanna Upadhyay,Rehaan Upadhyay,,2005-01-12,,,,,,,,,,,,,,,,,
APP0089,cet_scorecard,Tamanna Upadhyay,Rehaan Upadhyay,Leena Upadhyay,2005-01-12,,,,,,,OBC,Female,,94.09%,,,,,,,
APP0089,caste_certificate,Tamanna Upadhyay,Rehaan Upadhyay,,2005-01-12,,,,,,,OBC,,,,,,,,,,
APP0089,application_form,Tamanna Upadhyay,Rehaan Upadhyay,Leena Upadhyay,2005-01-12,,,,,,,OBC,Female,,,,,,,,,
APP0090,10th_marksheet,Banjeet Morar,Chatresh Morar,Urmi Morar,2006-11-12,,,2019,79.15%,,,,,,,,,,,,,
APP0090,diploma_marksheet,Banjeet Morar,Chatresh Morar,,,,,2021,58.18%,Diploma,,,,,,,,,,,,
APP0090,leaving_certificate,Banjeet Morar,Chatresh Morar,,2006-11-12,,,,,,,,,,,,,,,,,
APP0090,cet_scorecard,Banjeet Morar,Chatresh Morar,Urmi Morar,2006-11-12,,,,,,,OPEN,Male,,82.14%,,,,,,,
APP0090,caste_certificate,Banjeet Morar,Chatresh Morar,,2006-11-12,,,,,,,OPEN,,,,,,,,,,
APP0090,application_form,Banjeet Morar,Chatresh Morar,Urmi Morar,2006-11-12,,,,,,,OPEN,Male,,,,,,,,,
APP0091,10th_marksheet,Harshil Warrior,Timothy Warrior,Oeshi Warrior,2005-12-22,,,2018,73.42%,,,,,,,,,,,,,
APP0091,diploma_marksheet,Harshil Warrior,Timothy Warrior,,,,,2020,69.25%,Diploma,,,,,,,,,,,,
APP0091,leaving_certificate,Harshil Warrior,Timothy Warrior,,2005-12-22,,,,,,,,,,,,,,,,,
APP0091,cet_scorecard,Harshil Warrior,Timothy Warrior,Oeshi Warrior,2005-12-22,,,,,,,OPEN,Male,,68.61%,,,,,,,
APP0091,caste_certificate,Harshil Warrior,Timothy Warrior,,2005-12-22,,,,,,,OPEN,,,,,,,,,,
APP0091,application_form,Harshil Warrior,Timothy Warrior,Oeshi Warrior,2005-12-22,,,,,,,OPEN,Male,,,,,,,,,
APP0092,10th_marksheet,Sara Walla,Shaurya Walla,Mitali Walla,2003-01-02,,,2020,61.22%,,,,,,,,,,,,,
APP0092,diploma_marksheet,Sara Walla,Shaurya Walla,,,,,2020,81.43%,Diploma,,,,,,,,,,,,
APP0092,leaving_certificate,Sara Walla,Shaurya Walla,,2003-01-02,,,,,,,,,,,,,,,,,
APP0092,cet_scorecard,Sara Walla,Shaurya Walla,Mitali Walla,2003-01-02,,,,,,,SC/ST,Female,,88.86%,,,,,,,
APP0092,caste_certificate,Sara Walla,Shaurya Walla,,2003-01-02,,,,,,,SC/ST,,,,,,,,,,
APP0092,application_form,Sara Walla,Shaurya Walla,Mitali Walla,2003-01-02,,,,,,,SC/ST,Female,,,,,,,,,
APP0093,10th_marksheet,Onkar Konda,Krish Konda,Pushti Konda,2003-05-14,,,2019,75.62%,,,,,,,,,,,,,
APP0093,diploma_marksheet,Onkar Konda,Krish Konda,,,,,2022,57.75%,12th,,,,,,,,,,,,
APP0093,leaving_certificate,Onkar Konda,Krish Konda,,2003-05-14,,,,,,,,,,,,,,,,,
APP0093,cet_scorecard,Onkar Konda,Krish Konda,Pushti Konda,2003-05-14,,,,,,,OPEN,Male,,90.51%,,,,,,,
APP0093,caste_certificate,Onkar Konda,Krish Konda,,2003-05-14,,,,,,,OPEN,,,,,,,,,,
APP0093,application_form,Onkar Konda,Krish Konda,Pushti Konda,2003-05-14,,,,,,,OPEN,Male,,,,,,,,,
APP0094,10th_marksheet,Utkarsh Goel,Raghav Goel,Forum Goel,2003-01-14,,,2020,90.62%,,,,,,,,,,,,,
APP0094,diploma_marksheet,Utkarsh Goel,Raghav Goel,,,,,2022,72.94%,Diploma,,,,,,,,,,,,
APP0094,leaving_certificate,Utkarsh Goel,Raghav Goel,,2003-01-14,,,,,,,,,,,,,,,,,
APP0094,cet_scorecard,Utkarsh Goel,Raghav Goel,Forum Goel,2003-01-14,,,,,,,OPEN,Male,,77.27%,,,,,,,
APP0094,caste_certificate,Utkarsh Goel,Raghav Goel,,2003-01-14,,,,,,,OPEN,,,,,,,,,,
APP0094,application_form,Utkarsh Goel,Raghav Goel,Forum Goel,2003-01-14,,,,,,,OPEN,Male,,,,,,,,,
APP0095,10th_marksheet,Pallavi Ramachandran,Charles Ramachandran,Bhavani Ramachandran,2003-06-28,,,2018,72.1%,,,,,,,,,,,,,
APP0095,diploma_marksheet,Pallavi Ramachandran,Charles Ramachandran,,,,,2021,89.8%,12th,,,,,,,,,,,,
APP0095,leaving_certificate,Pallavi Ramachandran,Charles Ramachandran,,2003-06-28,,,,,,,,,,,,,,,,,
APP0095,cet_scorecard,Pallavi Ramachandran,Charles Ramachandran,Bhavani Ramachandran,2003-06-28,,,,,,,EWS,Female,,73.88%,,,,,,,
APP0095,caste_certificate,Pallavi Ramachandran,Charles Ramachandran,,2003-06-28,,,,,,,EWS,,,,,,,,,,
APP0095,application_form,Pallavi Ramachandran,Charles Ramachandran,Bhavani Ramachandran,2003-06-28,,,,,,,EWS,Female,,,,,,,,,
APP0096,10th_marksheet,Manbir Rajagopalan,David Rajagopalan,Harini Rajagopalan,2004-09-21,,,2018,66.67%,,,,,,,,,,,,,
APP0096,diploma_marksheet,Manbir Rajagopalan,David Rajagopalan,,,,,2020,92.18%,12th,,,,,,,,,,,,
APP0096,leaving_certificate,Manbir Rajagopalan,David Rajagopalan,,2004-09-21,,,,,,,,,,,,,,,,,
APP0096,cet_scorecard,Manbir Rajagopalan,David Rajagopalan,Harini Rajagopalan,2004-09-21,,,,,,,OBC,Male,,88.64%,,,,,,,
APP0096,caste_certificate,Manbir Rajagopalan,David Rajagopalan,,2004-09-21,,,,,,,OBC,,,,,,,,,,
APP0096,application_form,Manbir Rajagopalan,David Rajagopalan,Harini Rajagopalan,2004-09-21,,,,,,,OBC,Male,,,,,,,,,
APP0097,10th_marksheet,Prisha Rajagopalan,Jeet Rajagopalan,Urmi Rajagopalan,2005-11-20,,,2020,66.23%,,,,,,,,,,,,,
APP0097,diploma_marksheet,Prisha Rajagopalan,Jeet Rajagopalan,,,,,2021,90.14%,12th,,,,,,,,,,,,
APP0097,leaving_certificate,Prisha Rajagopalan,Jeet Rajagopalan,,2005-11-20,,,,,,,,,,,,,,,,,
APP0097,cet_scorecard,Prisha Rajagopalan,Jeet Rajagopalan,Urmi Rajagopalan,2005-11-20,,,,,,,OPEN,Female,,78.78%,,,,,,,
APP0097,caste_certificate,Prisha Rajagopalan,Jeet Rajagopalan,,2005-11-20,,,,,,,OPEN,,,,,,,,,,
APP0097,application_form,Prisha Rajagopalan,Jeet Rajagopalan,Urmi Rajagopalan,2005-11-20,,,,,,,OPEN,Female,,,,,,,,,
APP0098,10th_marksheet,Saksham Dhawan,Manthan Dhawan,Bhanumati Dhawan,2002-11-30,,,2018,60.59%,,,,,,,,,,,,,
APP0098,diploma_marksheet,Saksham Dhawan,Manthan Dhawan,,,,,2020,63.62%,12th,,,,,,,,,,,,
APP0098,leaving_certificate,Saksham Dhawan,Manthan Dhawan,,2002-11-30,,,,,,,,,,,,,,,,,
APP0098,cet_scorecard,Saksham Dhawan,Manthan Dhawan,Bhanumati Dhawan,2002-11-30,,,,,,,OPEN,Male,,64.86%,,,,,,,
APP0098,caste_certificate,Saksham Dhawan,Manthan Dhawan,,2002-11-30,,,,,,,OPEN,,,,,,,,,,
APP0098,application_form,Saksham Dhawan,Manthan Dhawan,Bhanumati Dhawan,2002-11-30,,,,,,,OPEN,Male,,,,,,,,,
APP0099,10th_marksheet,Aarnav Ravel,Gaurang Ravel,Mohini Ravel,2006-12-21,,,2018,67.88%,,,,,,,,,,,,,
APP0099,diploma_marksheet,Aarnav Ravel,Gaurang Ravel,,,,,2020,72.89%,Diploma,,,,,,,,,,,,
APP0099,leaving_certificate,Aarnav Ravel,Gaurang Ravel,,2006-12-21,,,,,,,,,,,,,,,,,
APP0099,cet_scorecard,Aarnav Ravel,Gaurang Ravel,Mohini Ravel,2006-12-21,,,,,,,OPEN,Male,,84.99%,,,,,,,
APP0099,caste_certificate,Aarnav Ravel,Gaurang Ravel,,2006-12-21,,,,,,,OPEN,,,,,,,,,,
APP0099,application_form,Aarnav Ravel,Gaurang Ravel,Mohini Ravel,2006-12-21,,,,,,,OPEN,Male,,,,,,,,,
APP0100,10th_marksheet,Nitara Parmer,Aadi Parmer,Upasna Parmer,2004-12-06,,,2019,85.99%,,,,,,,,,,,,,
APP0100,diploma_marksheet,Nitara Parmer,Aadi Parmer,,,,,2022,66.16%,12th,,,,,,,,,,,,
APP0100,leaving_certificate,Nitara Parmer,Aadi Parmer,,2004-12-06,,,,,,,,,,,,,,,,,
APP0100,cet_scorecard,Nitara Parmer,Aadi Parmer,Upasna Parmer,2004-12-06,,,,,,,OPEN,Female,,74.48%,,,,,,,
APP0100,caste_certificate,Nitara Parmer,Aadi Parmer,,2004-12-06,,,,,,,OPEN,,,,,,,,,,
APP0100,application_form,Nitara Parmer,Aadi Parmer,Upasna Parmer,2004-12-06,,,,,,,OPEN,Female,,,,,,,,,
APP0101,10th_marksheet,Tamanna Hans,Ikbal Hans,Eiravati Hans,2005-12-29,,,2020,83.56%,,,,,,,,,,,,,
APP0101,diploma_marksheet,Tamanna Hans,Ikbal Hans,,,,,2020,74.87%,12th,,,,,,,,,,,,
APP0101,leaving_certificate,Tamanna Hans,Ikbal Hans,,2005-12-29,,,,,,,,,,,,,,,,,
APP0101,cet_scorecard,Tamanna Hans,Ikbal Hans,Eiravati Hans,2005-12-29,,,,,,,OPEN,Female,,76.26%,,,,,,,
APP0101,caste_certificate,Tamanna Hans,Ikbal Hans,,2005-12-29,,,,,,,OPEN,,,,,,,,,,
APP0101,application_form,Tamanna Hans,Ikbal Hans,Eiravati Hans,2005-12-29,,,,,,,OPEN,Female,,,,,,,,,
APP0102,10th_marksheet,Advaith De,Tristan De,Omaja De,2004-06-14,,,2019,67.04%,,,,,,,,,,,,,
APP0102,diploma_marksheet,Advaith De,Tristan De,,,,,2022,62.14%,Diploma,,,,,,,,,,,,
APP0102,leaving_certificate,Advaith De,Tristan De,,2004-06-14,,,,,,,,,,,,,,,,,
APP0102,cet_scorecard,Advaith De,Tristan De,Omaja De,2004-06-14,,,,,,,SC/ST,Male,,73.81%,,,,,,,
APP0102,caste_certificate,Advaith De,Tristan De,,2004-06-14,,,,,,,SC/ST,,,,,,,,,,
APP0102,application_form,Advaith De,Tristan De,Omaja De,2004-06-14,,,,,,,SC/ST,Male,,,,,,,,,
APP0103,10th_marksheet,Dominic Dutt,Udarsh Dutt,Sara Dutt,2005-03-20,,,2019,67.05%,,,,,,,,,,,,,
APP0103,diploma_marksheet,Dominic Dutt,Udarsh Dutt,,,,,2022,93.78%,Diploma,,,,,,,,,,,,
APP0103,leaving_certificate,Dominic Dutt,Udarsh Dutt,,2005-03-20,,,,,,,,,,,,,,,,,
APP0103,cet_scorecard,Dominic Dutt,Udarsh Dutt,Sara Dutt,2005-03-20,,,,,,,OBC,Male,,93.21%,,,,,,,
APP0103,caste_certificate,Dominic Dutt,Udarsh Dutt,,2005-03-20,,,,,,,OBC,,,,,,,,,,
APP0103,application_form,Dominic Dutt,Udarsh Dutt,Sara Dutt,2005-03-20,,,,,,,OBC,Male,,,,,,,,,
APP0104,10th_marksheet,Yash Chana,Anay Chana,Widisha Chana,2007-03-13,,,2020,78.21%,,,,,,,,,,,,,
APP0104,diploma_marksheet,Yash Chana,Anay Chana,,,,,2020,89.0%,12th,,,,,,,,,,,,
APP0104,leaving_certificate,Yash Chana,Anay Chana,,2007-03-13,,,,,,,,,,,,,,,,,
APP0104,cet_scorecard,Yash Chana,Anay Chana,Widisha Chana,2007-03-13,,,,,,,OBC,Male,,74.86%,,,,,,,
APP0104,caste_certificate,Yash Chana,Anay Chana,,2007-03-13,,,,,,,OBC,,,,,,,,,,
APP0104,application_form,Yash Chana,Anay Chana,Widisha Chana,2007-03-13,,,,,,,OBC,Male,,,,,,,,,
APP0105,10th_marksheet,Ayushman Bhat,Harshil Bhat,Kashvi Bhat,2004-03-26,,,2018,73.37%,,,,,,,,,,,,,
APP0105,diploma_marksheet,Ayushman Bhat,Harshil Bhat,,,,,2022,55.18%,Diploma,,,,,,,,,,,,
APP0105,leaving_certificate,Ayushman Bhat,Harshil Bhat,,2004-03-26,,,,,,,,,,,,,,,,,
APP0105,cet_scorecard,Ayushman Bhat,Harshil Bhat,Kashvi Bhat,2004-03-26,,,,,,,EWS,Male,,63.09%,,,,,,,
APP0105,caste_certificate,Ayushman Bhat,Harshil Bhat,,2004-03-26,,,,,,,EWS,,,,,,,,,,
APP0105,application_form,Ayushman Bhat,Harshil Bhat,Kashvi Bhat,2004-03-26,,,,,,,EWS,Male,,,,,,,,,
APP0106,10th_marksheet,Vinaya Cheema,Pranav Cheema,Adya Cheema,2006-03-12,,,2019,86.93%,,,,,,,,,,,,,
APP0106,diploma_marksheet,Vinaya Cheema,Pranav Cheema,,,,,2021,84.76%,Diploma,,,,,,,,,,,,
APP0106,leaving_certificate,Vinaya Cheema,Pranav Cheema,,2006-03-12,,,,,,,,,,,,,,,,,
APP0106,cet_scorecard,Vinaya Cheema,Pranav Cheema,Adya Cheema,2006-03-12,,,,,,,OPEN,Female,,91.63%,,,,,,,
APP0106,caste_certificate,Vinaya Cheema,Pranav Cheema,,2006-03-12,,,,,,,OPEN,,,,,,,,,,
APP0106,application_form,Vinaya Cheema,Pranav Cheema,Adya Cheema,2006-03-12,,,,,,,OPEN,Female,,,,,,,,,
APP0107,10th_marksheet,Warinder Pingle,Xavier Pingle,Aashi Pingle,2004-01-31,,,2018,74.24%,,,,,,,,,,,,,
APP0107,diploma_marksheet,Warinder Pingle,Xavier Pingle,,,,,2022,69.55%,12th,,,,,,,,,,,,
APP0107,leaving_certificate,Warinder Pingle,Xavier Pingle,,2004-01-31,,,,,,,,,,,,,,,,,
APP0107,cet_scorecard,Warinder Pingle,Xavier Pingle,Aashi Pingle,2004-01-31,,,,,,,OBC,Male,,75.49%,,,,,,,
APP0107,caste_certificate,Warinder Pingle,Xavier Pingle,,2004-01-31,,,,,,,OBC,,,,,,,,,,
APP0107,application_form,Warinder Pingle,Xavier Pingle,Aashi Pingle,2004-01-31,,,,,,,OBC,Male,,,,,,,,,
APP0108,10th_marksheet,Ethan Andra,Chatura Andra,Vasudha Andra,2002-12-26,,,2019,81.01%,,,,,,,,,,,,,
APP0108,diploma_marksheet,Ethan Andra,Chatura Andra,,,,,2021,74.32%,12th,,,,,,,,,,,,
APP0108,leaving_certificate,Ethan Andra,Chatura Andra,,2002-12-26,,,,,,,,,,,,,,,,,
APP0108,cet_scorecard,Ethan Andra,Chatura Andra,Vasudha Andra,2002-12-26,,,,,,,SC/ST,Male,,80.34%,,,,,,,
APP0108,caste_certificate,Ethan Andra,Chatura Andra,,2002-12-26,,,,,,,SC/ST,,,,,,,,,,
APP0108,application_form,Ethan Andra,Chatura Andra,Vasudha Andra,2002-12-26,,,,,,,SC/ST,Male,,,,,,,,,
APP0109,10th_marksheet,Thomas Toor,Robert Toor,Diya Toor,2002-12-11,,,2019,84.92%,,,,,,,,,,,,,
APP0109,diploma_marksheet,Thomas Toor,Robert Toor,,,,,2021,90.55%,12th,,,,,,,,,,,,
APP0109,leaving_certificate,Thomas Toor,Robert Toor,,2002-12-11,,,,,,,,,,,,,,,,,
APP0109,cet_scorecard,Thomas Toor,Robert Toor,Diya Toor,2002-12-11,,,,,,,OPEN,Male,,86.8%,,,,,,,
APP0109,caste_certificate,Thomas Toor,Robert Toor,,2002-12-11,,,,,,,OPEN,,,,,,,,,,
APP0109,application_form,Thomas Toor,Robert Toor,Diya Toor,2002-12-11,,,,,,,OPEN,Male,,,,,,,,,
APP0110,10th_marksheet,Bhavani Kibe,Balvan Kibe,Ekantika Kibe,2004-03-09,,,2020,63.72%,,,,,,,,,,,,,
APP0110,diploma_marksheet,Bhavani Kibe,Balvan Kibe,,,,,2020,68.85%,12th,,,,,,,,,,,,
APP0110,leaving_certificate,Bhavani Kibe,Balvan Kibe,,2004-03-09,,,,,,,,,,,,,,,,,
APP0110,cet_scorecard,Bhavani Kibe,Balvan Kibe,Ekantika Kibe,2004-03-09,,,,,,,OPEN,Female,,97.41%,,,,,,,
APP0110,caste_certificate,Bhavani Kibe,Balvan Kibe,,2004-03-09,,,,,,,OPEN,,,,,,,,,,
APP0110,application_form,Bhavani Kibe,Balvan Kibe,Ekantika Kibe,2004-03-09,,,,,,,OPEN,Female,,,,,,,,,
APP0111,10th_marksheet,Harini Kapadia,Hritik Kapadia,Sneha Kapadia,2007-10-28,,,2020,97.94%,,,,,,,,,,,,,
APP0111,diploma_marksheet,Harini Kapadia,Hritik Kapadia,,,,,2022,79.99%,12th,,,,,,,,,,,,
APP0111,leaving_certificate,Harini Kapadia,Hritik Kapadia,,2007-10-28,,,,,,,,,,,,,,,,,
APP0111,cet_scorecard,Harini Kapadia,Hritik Kapadia,Sneha Kapadia,2007-10-28,,,,,,,OPEN,Female,,60.46%,,,,,,,
APP0111,caste_certificate,Harini Kapadia,Hritik Kapadia,,2007-10-28,,,,,,,OPEN,,,,,,,,,,
APP0111,application_form,Harini Kapadia,Hritik Kapadia,Sneha Kapadia,2007-10-28,,,,,,,OPEN,Female,,,,,,,,,
APP0112,10th_marksheet,Logan Raju,Gabriel Raju,Gayathri Raju,2004-07-29,,,2020,68.83%,,,,,,,,,,,,,
APP0112,diploma_marksheet,Logan Raju,Gabriel Raju,,,,,2021,68.11%,12th,,,,,,,,,,,,
APP0112,leaving_certificate,Logan Raju,Gabriel Raju,,2004-07-29,,,,,,,,,,,,,,,,,
APP0112,cet_scorecard,Logan Raju,Gabriel Raju,Gayathri Raju,2004-07-29,,,,,,,EWS,Male,,89.79%,,,,,,,
APP0112,caste_certificate,Logan Raju,Gabriel Raju,,2004-07-29,,,,,,,EWS,,,,,,,,,,
APP0112,application_form,Logan Raju,Gabriel Raju,Gayathri Raju,2004-07-29,,,,,,,EWS,Male,,,,,,,,,
APP0113,10th_marksheet,Neel Chanda,Naksh Chanda,Vyanjana Chanda,2005-12-10,,,2018,84.05%,,,,,,,,,,,,,
APP0113,diploma_marksheet,Neel Chanda,Naksh Chanda,,,,,2021,73.86%,Diploma,,,,,,,,,,,,
APP0113,leaving_certificate,Neel Chanda,Naksh Chanda,,2005-12-10,,,,,,,,,,,,,,,,,
APP0113,cet_scorecard,Neel Chanda,Naksh Chanda,Vyanjana Chanda,2005-12-10,,,,,,,OPEN,Male,,89.18%,,,,,,,
APP0113,caste_certificate,Neel Chanda,Naksh Chanda,,2005-12-10,,,,,,,OPEN,,,,,,,,,,
APP0113,application_form,Neel Chanda,Naksh Chanda,Vyanjana Chanda,2005-12-10,,,,,,,OPEN,Male,,,,,,,,,
APP0114,10th_marksheet,Samaksh Narayanan,Jeremiah Narayanan,Yachana Narayanan,2004-06-10,,,2019,64.89%,,,,,,,,,,,,,
APP0114,diploma_marksheet,Samaksh Narayanan,Jeremiah Narayanan,,,,,2020,63.23%,Diploma,,,,,,,,,,,,
APP0114,leaving_certificate,Samaksh Narayanan,Jeremiah Narayanan,,2004-06-10,,,,,,,,,,,,,,,,,
APP0114,cet_scorecard,Samaksh Narayanan,Jeremiah Narayanan,Yachana Narayanan,2004-06-10,,,,,,,OPEN,Male,,96.06%,,,,,,,
APP0114,caste_certificate,Samaksh Narayanan,Jeremiah Narayanan,,2004-06-10,,,,,,,OPEN,,,,,,,,,,
APP0114,application_form,Samaksh Narayanan,Jeremiah Narayanan,Yachana Narayanan,2004-06-10,,,,,,,OPEN,Male,,,,,,,,,
APP0115,10th_marksheet,Saksham Sachar,Nakul Sachar,Varsha Sachar,2003-05-27,,,2019,66.84%,,,,,,,,,,,,,
APP0115,diploma_marksheet,Saksham Sachar,Nakul Sachar,,,,,2021,60.15%,12th,,,,,,,,,,,,
APP0115,leaving_certificate,Saksham Sachar,Nakul Sachar,,2003-05-27,,,,,,,,,,,,,,,,,
APP0115,cet_scorecard,Saksham Sachar,Nakul Sachar,Varsha Sachar,2003-05-27,,,,,,,OPEN,Male,,94.68%,,,,,,,
APP0115,caste_certificate,Saksham Sachar,Nakul Sachar,,2003-05-27,,,,,,,OPEN,,,,,,,,,,
APP0115,application_form,Saksham Sachar,Nakul Sachar,Varsha Sachar,2003-05-27,,,,,,,OPEN,Male,,,,,,,,,
APP0116,10th_marksheet,Michael Doshi,Benjamin Doshi,Vasana Doshi,2006-11-07,,,2019,73.83%,,,,,,,,,,,,,
APP0116,diploma_marksheet,Michael Doshi,Benjamin Doshi,,,,,2020,87.66%,12th,,,,,,,,,,,,
APP0116,leaving_certificate,Michael Doshi,Benjamin Doshi,,2006-11-07,,,,,,,,,,,,,,,,,
APP0116,cet_scorecard,Michael Doshi,Benjamin Doshi,Vasana Doshi,2006-11-07,,,,,,,OPEN,Male,,83.01%,,,,,,,
APP0116,caste_certificate,Michael Doshi,Benjamin Doshi,,2006-11-07,,,,,,,OPEN,,,,,,,,,,
APP0116,application_form,Michael Doshi,Benjamin Doshi,Vasana Doshi,2006-11-07,,,,,,,OPEN,Male,,,,,,,,,
APP0117,10th_marksheet,Qadim Brar,Wazir Brar,Nidhi Brar,2004-01-26,,,2018,95.79%,,,,,,,,,,,,,
APP0117,diploma_marksheet,Qadim Brar,Wazir Brar,,,,,2020,66.88%,12th,,,,,,,,,,,,
APP0117,leaving_certificate,Qadim Brar,Wazir Brar,,2004-01-26,,,,,,,,,,,,,,,,,
APP0117,cet_scorecard,Qadim Brar,Wazir Brar,Nidhi Brar,2004-01-26,,,,,,,OPEN,Male,,63.55%,,,,,,,
APP0117,caste_certificate,Qadim Brar,Wazir Brar,,2004-01-26,,,,,,,OPEN,,,,,,,,,,
APP0117,application_form,Qadim Brar,Wazir Brar,Nidhi Brar,2004-01-26,,,,,,,OPEN,Male,,,,,,,,,
APP0118,10th_marksheet,Bahadurjit Dave,Isaiah Dave,Megha Dave,2004-11-02,,,2020,66.56%,,,,,,,,,,,,,
APP0118,diploma_marksheet,Bahadurjit Dave,Isaiah Dave,,,,,2021,67.55%,12th,,,,,,,,,,,,
APP0118,leaving_certificate,Bahadurjit Dave,Isaiah Dave,,2004-11-02,,,,,,,,,,,,,,,,,
APP0118,cet_scorecard,Bahadurjit Dave,Isaiah Dave,Megha Dave,2004-11-02,,,,,,,OBC,Male,,95.79%,,,,,,,
APP0118,caste_certificate,Bahadurjit Dave,Isaiah Dave,,2004-11-02,,,,,,,OBC,,,,,,,,,,
APP0118,application_form,Bahadurjit Dave,Isaiah Dave,Megha Dave,2004-11-02,,,,,,,OBC,Male,,,,,,,,,
APP0119,10th_marksheet,Sachi Acharya,Nihal Acharya,Vedhika Acharya,2005-11-13,,,2018,91.22%,,,,,,,,,,,,,
APP0119,diploma_marksheet,Sachi Acharya,Nihal Acharya,,,,,2022,72.93%,12th,,,,,,,,,,,,
APP0119,leaving_certificate,Sachi Acharya,Nihal Acharya,,2005-11-13,,,,,,,,,,,,,,,,,
APP0119,cet_scorecard,Sachi Acharya,Nihal Acharya,Vedhika Acharya,2005-11-13,,,,,,,OPEN,Female,,77.01%,,,,,,,
APP0119,caste_certificate,Sachi Acharya,Nihal Acharya,,2005-11-13,,,,,,,OPEN,,,,,,,,,,
APP0119,application_form,Sachi Acharya,Nihal Acharya,Vedhika Acharya,2005-11-13,,,,,,,OPEN,Female,,,,,,,,,
APP0120,10th_marksheet,Vasatika Luthra,Abhiram Luthra,Upma Luthra,2007-03-15,,,2020,79.53%,,,,,,,,,,,,,
APP0120,diploma_marksheet,Vasatika Luthra,Abhiram Luthra,,,,,2021,93.84%,Diploma,,,,,,,,,,,,
APP0120,leaving_certificate,Vasatika Luthra,Abhiram Luthra,,2007-03-15,,,,,,,,,,,,,,,,,
APP0120,cet_scorecard,Vasatika Luthra,Abhiram Luthra,Upma Luthra,2007-03-15,,,,,,,SC/ST,Female,,77.61%,,,,,,,
APP0120,caste_certificate,Vasatika Luthra,Abhiram Luthra,,2007-03-15,,,,,,,SC/ST,,,,,,,,,,
APP0120,application_form,Vasatika Luthra,Abhiram Luthra,Upma Luthra,2007-03-15,,,,,,,SC/ST,Female,,,,,,,,,
APP0121,10th_marksheet,William Roy,Owen Roy,Tara Roy,2003-01-12,,,2018,81.84%,,,,,,,,,,,,,
APP0121,diploma_marksheet,William Roy,Owen Roy,,,,,2022,66.04%,12th,,,,,,,,,,,,
APP0121,leaving_certificate,William Roy,Owen Roy,,2003-01-12,,,,,,,,,,,,,,,,,
APP0121,cet_scorecard,William Roy,Owen Roy,Tara Roy,2003-01-12,,,,,,,OPEN,Male,,72.98%,,,,,,,
APP0121,caste_certificate,William Roy,Owen Roy,,2003-01-12,,,,,,,OPEN,,,,,,,,,,
APP0121,application_form,William Roy,Owen Roy,Tara Roy,2003-01-12,,,,,,,OPEN,Male,,,,,,,,,
APP0122,10th_marksheet,Pooja Basu,Ranbir Basu,Omisha Basu,2002-11-03,,,2019,67.41%,,,,,,,,,,,,,
APP0122,diploma_marksheet,Pooja Basu,Ranbir Basu,,,,,2021,78.84%,12th,,,,,,,,,,,,
APP0122,leaving_certificate,Pooja Basu,Ranbir Basu,,2002-11-03,,,,,,,,,,,,,,,,,
APP0122,cet_scorecard,Pooja Basu,Ranbir Basu,Omisha Basu,2002-11-03,,,,,,,EWS,Female,,83.62%,,,,,,,
APP0122,caste_certificate,Pooja Basu,Ranbir Basu,,2002-11-03,,,,,,,EWS,,,,,,,,,,
APP0122,application_form,Pooja Basu,Ranbir Basu,Omisha Basu,2002-11-03,,,,,,,EWS,Female,,,,,,,,,
APP0123,10th_marksheet,Rachana Bhandari,William Bhandari,Sara Bhandari,2002-11-20,,,2020,88.15%,,,,,,,,,,,,,
APP0123,diploma_marksheet,Rachana Bhandari,William Bhandari,,,,,2020,82.3%,Diploma,,,,,,,,,,,,
APP0123,leaving_certificate,Rachana Bhandari,William Bhandari,,2002-11-20,,,,,,,,,,,,,,,,,
APP0123,cet_scorecard,Rachana Bhandari,William Bhandari,Sara Bhandari,2002-11-20,,,,,,,SC/ST,Female,,63.22%,,,,,,,
APP0123,caste_certificate,Rachana Bhandari,William Bhandari,,2002-11-20,,,,,,,SC/ST,,,,,,,,,,
APP0123,application_form,Rachana Bhandari,William Bhandari,Sara Bhandari,2002-11-20,,,,,,,SC/ST,Female,,,,,,,,,
APP0124,10th_marksheet,Lila Dhar,Reyansh Dhar,Anjali Dhar,2007-07-24,,,2018,90.63%,,,,,,,,,,,,,
APP0124,diploma_marksheet,Lila Dhar,Reyansh Dhar,,,,,2021,70.77%,Diploma,,,,,,,,,,,,
APP0124,leaving_certificate,Lila Dhar,Reyansh Dhar,,2007-07-24,,,,,,,,,,,,,,,,,
APP0124,cet_scorecard,Lila Dhar,Reyansh Dhar,Anjali Dhar,2007-07-24,,,,,,,OPEN,Female,,99.36%,,,,,,,
APP0124,caste_certificate,Lila Dhar,Reyansh Dhar,,2007-07-24,,,,,,,OPEN,,,,,,,,,,
APP0124,application_form,Lila Dhar,Reyansh Dhar,Anjali Dhar,2007-07-24,,,,,,,OPEN,Female,,,,,,,,,
APP0125,10th_marksheet,Kabir Khurana,Christopher Khurana,Chaitaly Khurana,2005-12-13,,,2019,73.82%,,,,,,,,,,,,,
APP0125,diploma_marksheet,Kabir Khurana,Christopher Khurana,,,,,2021,70.93%,Diploma,,,,,,,,,,,,
APP0125,leaving_certificate,Kabir Khurana,Christopher Khurana,,2005-12-13,,,,,,,,,,,,,,,,,
APP0125,cet_scorecard,Kabir Khurana,Christopher Khurana,Chaitaly Khurana,2005-12-13,,,,,,,SC/ST,Male,,76.39%,,,,,,,
APP0125,caste_certificate,Kabir Khurana,Christopher Khurana,,2005-12-13,,,,,,,SC/ST,,,,,,,,,,
APP0125,application_form,Kabir Khurana,Christopher Khurana,Chaitaly Khurana,2005-12-13,,,,,,,SC/ST,Male,,,,,,,,,
APP0126,10th_marksheet,Krishna Aurora,Tristan Aurora,Sanaya Aurora,2007-03-05,,,2018,94.19%,,,,,,,,,,,,,
APP0126,diploma_marksheet,Krishna Aurora,Tristan Aurora,,,,,2020,84.73%,12th,,,,,,,,,,,,
APP0126,leaving_certificate,Krishna Aurora,Tristan Aurora,,2007-03-05,,,,,,,,,,,,,,,,,
APP0126,cet_scorecard,Krishna Aurora,Tristan Aurora,Sanaya Aurora,2007-03-05,,,,,,,OBC,Female,,75.78%,,,,,,,
APP0126,caste_certificate,Krishna Aurora,Tristan Aurora,,2007-03-05,,,,,,,OBC,,,,,,,,,,
APP0126,application_form,Krishna Aurora,Tristan Aurora,Sanaya Aurora,2007-03-05,,,,,,,OBC,Female,,,,,,,,,
APP0127,10th_marksheet,Mitesh Sahni,Mitesh Sahni,Diya Sahni,2004-01-02,,,2019,87.66%,,,,,,,,,,,,,
APP0127,diploma_marksheet,Mitesh Sahni,Mitesh Sahni,,,,,2022,81.22%,Diploma,,,,,,,,,,,,
APP0127,leaving_certificate,Mitesh Sahni,Mitesh Sahni,,2004-01-02,,,,,,,,,,,,,,,,,
APP0127,cet_scorecard,Mitesh Sahni,Mitesh Sahni,Diya Sahni,2004-01-02,,,,,,,SC/ST,Male,,93.48%,,,,,,,
APP0127,caste_certificate,Mitesh Sahni,Mitesh Sahni,,2004-01-02,,,,,,,SC/ST,,,,,,,,,,
APP0127,application_form,Mitesh Sahni,Mitesh Sahni,Diya Sahni,2004-01-02,,,,,,,SC/ST,Male,,,,,,,,,
APP0128,10th_marksheet,Madhavi Koshy,Victor Koshy,Hiral Koshy,2005-10-29,,,2020,71.94%,,,,,,,,,,,,,
APP0128,diploma_marksheet,Madhavi Koshy,Victor Koshy,,,,,2020,74.41%,Diploma,,,,,,,,,,,,
APP0128,leaving_certificate,Madhavi Koshy,Victor Koshy,,2005-10-29,,,,,,,,,,,,,,,,,
APP0128,cet_scorecard,Madhavi Koshy,Victor Koshy,Hiral Koshy,2005-10-29,,,,,,,EWS,Female,,97.98%,,,,,,,
APP0128,caste_certificate,Madhavi Koshy,Victor Koshy,,2005-10-29,,,,,,,EWS,,,,,,,,,,
APP0128,application_form,Madhavi Koshy,Victor Koshy,Hiral Koshy,2005-10-29,,,,,,,EWS,Female,,,,,,,,,
APP0129,10th_marksheet,Imaran Goel,Ekbal Goel,Vedhika Goel,2003-08-02,,,2019,91.99%,,,,,,,,,,,,,
APP0129,diploma_marksheet,Imaran Goel,Ekbal Goel,,,,,2020,62.4%,12th,,,,,,,,,,,,
APP0129,leaving_certificate,Imaran Goel,Ekbal Goel,,2003-08-02,,,,,,,,,,,,,,,,,
APP0129,cet_scorecard,Imaran Goel,Ekbal Goel,Vedhika Goel,2003-08-02,,,,,,,OPEN,Male,,77.68%,,,,,,,
APP0129,caste_certificate,Imaran Goel,Ekbal Goel,,2003-08-02,,,,,,,OPEN,,,,,,,,,,
APP0129,application_form,Imaran Goel,Ekbal Goel,Vedhika Goel,2003-08-02,,,,,,,OPEN,Male,,,,,,,,,
APP0130,10th_marksheet,Tanmayi Kapadia,David Kapadia,Shravya Kapadia,2006-02-23,,,2018,93.62%,,,,,,,,,,,,,
APP0130,diploma_marksheet,Tanmayi Kapadia,David Kapadia,,,,,2020,93.07%,12th,,,,,,,,,,,,
APP0130,leaving_certificate,Tanmayi Kapadia,David Kapadia,,2006-02-23,,,,,,,,,,,,,,,,,
APP0130,cet_scorecard,Tanmayi Kapadia,David Kapadia,Shravya Kapadia,2006-02-23,,,,,,,OBC,Female,,72.99%,,,,,,,
APP0130,caste_certificate,Tanmayi Kapadia,David Kapadia,,2006-02-23,,,,,,,OBC,,,,,,,,,,
APP0130,application_form,Tanmayi Kapadia,David Kapadia,Shravya Kapadia,2006-02-23,,,,,,,OBC,Female,,,,,,,,,
APP0131,10th_marksheet,Kalpit Dua,Ayushman Dua,Watika Dua,2006-02-12,,,2019,95.36%,,,,,,,,,,,,,
APP0131,diploma_marksheet,Kalpit Dua,Ayushman Dua,,,,,2022,66.98%,Diploma,,,,,,,,,,,,
APP0131,leaving_certificate,Kalpit Dua,Ayushman Dua,,2006-02-12,,,,,,,,,,,,,,,,,
APP0131,cet_scorecard,Kalpit Dua,Ayushman Dua,Watika Dua,2006-02-12,,,,,,,OPEN,Male,,82.38%,,,,,,,
APP0131,caste_certificate,Kalpit Dua,Ayushman Dua,,2006-02-12,,,,,,,OPEN,,,,,,,,,,
APP0131,application_form,Kalpit Dua,Ayushman Dua,Watika Dua,2006-02-12,,,,,,,OPEN,Male,,,,,,,,,
APP0132,10th_marksheet,Sai Barman,Lohit Barman,Odika Barman,2003-07-02,,,2019,76.87%,,,,,,,,,,,,,
APP0132,diploma_marksheet,Sai Barman,Lohit Barman,,,,,2021,55.59%,12th,,,,,,,,,,,,
APP0132,leaving_certificate,Sai Barman,Lohit Barman,,2003-07-02,,,,,,,,,,,,,,,,,
APP0132,cet_scorecard,Sai Barman,Lohit Barman,Odika Barman,2003-07-02,,,,,,,SC/ST,Female,,80.91%,,,,,,,
APP0132,caste_certificate,Sai Barman,Lohit Barman,,2003-07-02,,,,,,,SC/ST,,,,,,,,,,
APP0132,application_form,Sai Barman,Lohit Barman,Odika Barman,2003-07-02,,,,,,,SC/ST,Female,,,,,,,,,
APP0133,10th_marksheet,Gautam Kothari,Girik Kothari,Anita Kothari,2004-10-04,,,2019,75.76%,,,,,,,,,,,,,
APP0133,diploma_marksheet,Gautam Kothari,Girik Kothari,,,,,2021,89.83%,12th,,,,,,,,,,,,
APP0133,leaving_certificate,Gautam Kothari,Girik Kothari,,2004-10-04,,,,,,,,,,,,,,,,,
APP0133,cet_scorecard,Gautam Kothari,Girik Kothari,Anita Kothari,2004-10-04,,,,,,,SC/ST,Male,,68.61%,,,,,,,
APP0133,caste_certificate,Gautam Kothari,Girik Kothari,,2004-10-04,,,,,,,SC/ST,,,,,,,,,,
APP0133,application_form,Gautam Kothari,Girik Kothari,Anita Kothari,2004-10-04,,,,,,,SC/ST,Male,,,,,,,,,
APP0134,10th_marksheet,Widisha Dalal,Pranav Dalal,Advika Dalal,2003-02-06,,,2019,78.28%,,,,,,,,,,,,,
APP0134,diploma_marksheet,Widisha Dalal,Pranav Dalal,,,,,2022,75.34%,12th,,,,,,,,,,,,
APP0134,leaving_certificate,Widisha Dalal,Pranav Dalal,,2003-02-06,,,,,,,,,,,,,,,,,
APP0134,cet_scorecard,Widisha Dalal,Pranav Dalal,Advika Dalal,2003-02-06,,,,,,,OBC,Female,,88.97%,,,,,,,
APP0134,caste_certificate,Widisha Dalal,Pranav Dalal,,2003-02-06,,,,,,,OBC,,,,,,,,,,
APP0134,application_form,Widisha Dalal,Pranav Dalal,Advika Dalal,2003-02-06,,,,,,,OBC,Female,,,,,,,,,
APP0135,10th_marksheet,Tara Kamdar,Alexander Kamdar,Aradhana Kamdar,2004-12-24,,,2019,78.3%,,,,,,,,,,,,,
APP0135,diploma_marksheet,Tara Kamdar,Alexander Kamdar,,,,,2021,61.56%,12th,,,,,,,,,,,,
APP0135,leaving_certificate,Tara Kamdar,Alexander Kamdar,,2004-12-24,,,,,,,,,,,,,,,,,
APP0135,cet_scorecard,Tara Kamdar,Alexander Kamdar,Aradhana Kamdar,2004-12-24,,,,,,,OBC,Female,,60.27%,,,,,,,
APP0135,caste_certificate,Tara Kamdar,Alexander Kamdar,,2004-12-24,,,,,,,OBC,,,,,,,,,,
APP0135,application_form,Tara Kamdar,Alexander Kamdar,Aradhana Kamdar,2004-12-24,,,,,,,OBC,Female,,,,,,,,,
APP0136,10th_marksheet,Gautam Saha,Onkar Saha,Yauvani Saha,2004-06-06,,,2019,70.73%,,,,,,,,,,,,,
APP0136,diploma_marksheet,Gautam Saha,Onkar Saha,,,,,2021,82.1%,12th,,,,,,,,,,,,
APP0136,leaving_certificate,Gautam Saha,Onkar Saha,,2004-06-06,,,,,,,,,,,,,,,,,
APP0136,cet_scorecard,Gautam Saha,Onkar Saha,Yauvani Saha,2004-06-06,,,,,,,OPEN,Male,,68.59%,,,,,,,
APP0136,caste_certificate,Gautam Saha,Onkar Saha,,2004-06-06,,,,,,,OPEN,,,,,,,,,,
APP0136,application_form,Gautam Saha,Onkar Saha,Yauvani Saha,2004-06-06,,,,,,,OPEN,Male,,,,,,,,,
APP0137,10th_marksheet,Finn Devi,Maanas Devi,Leela Devi,2007-03-14,,,2020,83.71%,,,,,,,,,,,,,
APP0137,diploma_marksheet,Finn Devi,Maanas Devi,,,,,2022,82.11%,12th,,,,,,,,,,,,
APP0137,leaving_certificate,Finn Devi,Maanas Devi,,2007-03-14,,,,,,,,,,,,,,,,,
APP0137,cet_scorecard,Finn Devi,Maanas Devi,Leela Devi,2007-03-14,,,,,,,SC/ST,Male,,94.3%,,,,,,,
APP0137,caste_certificate,Finn Devi,Maanas Devi,,2007-03-14,,,,,,,SC/ST,,,,,,,,,,
APP0137,application_form,Finn Devi,Maanas Devi,Leela Devi,2007-03-14,,,,,,,SC/ST,Male,,,,,,,,,
APP0138,10th_marksheet,Mason Bir,Udant Bir,Avni Bir,2006-06-09,,,2018,61.66%,,,,,,,,,,,,,
APP0138,diploma_marksheet,Mason Bir,Udant Bir,,,,,2022,71.56%,12th,,,,,,,,,,,,
APP0138,leaving_certificate,Mason Bir,Udant Bir,,2006-06-09,,,,,,,,,,,,,,,,,
APP0138,cet_scorecard,Mason Bir,Udant Bir,Avni Bir,2006-06-09,,,,,,,OBC,Male,,88.23%,,,,,,,
APP0138,caste_certificate,Mason Bir,Udant Bir,,2006-06-09,,,,,,,OBC,,,,,,,,,,
APP0138,application_form,Mason Bir,Udant Bir,Avni Bir,2006-06-09,,,,,,,OBC,Male,,,,,,,,,
APP0139,10th_marksheet,Agastya Mani,Shaurya Mani,Ishani Mani,2005-06-11,,,2020,96.44%,,,,,,,,,,,,,
APP0139,diploma_marksheet,Agastya Mani,Shaurya Mani,,,,,2022,91.64%,Diploma,,,,,,,,,,,,
APP0139,leaving_certificate,Agastya Mani,Shaurya Mani,,2005-06-11,,,,,,,,,,,,,,,,,
APP0139,cet_scorecard,Agastya Mani,Shaurya Mani,Ishani Mani,2005-06-11,,,,,,,OPEN,Male,,84.24%,,,,,,,
APP0139,caste_certificate,Agastya Mani,Shaurya Mani,,2005-06-11,,,,,,,OPEN,,,,,,,,,,
APP0139,application_form,Agastya Mani,Shaurya Mani,Ishani Mani,2005-06-11,,,,,,,OPEN,Male,,,,,,,,,
APP0140,10th_marksheet,Yug Pingle,Banjeet Pingle,Vinaya Pingle,2003-05-21,,,2019,76.27%,,,,,,,,,,,,,
APP0140,diploma_marksheet,Yug Pingle,Banjeet Pingle,,,,,2021,87.0%,12th,,,,,,,,,,,,
APP0140,leaving_certificate,Yug Pingle,Banjeet Pingle,,2003-05-21,,,,,,,,,,,,,,,,,
APP0140,cet_scorecard,Yug Pingle,Banjeet Pingle,Vinaya Pingle,2003-05-21,,,,,,,SC/ST,Male,,95.65%,,,,,,,
APP0140,caste_certificate,Yug Pingle,Banjeet Pingle,,2003-05-21,,,,,,,SC/ST,,,,,,,,,,
APP0140,application_form,Yug Pingle,Banjeet Pingle,Vinaya Pingle,2003-05-21,,,,,,,SC/ST,Male,,,,,,,,,
APP0141,10th_marksheet,Chaman Dugar,Naveen Dugar,Qushi Dugar,2004-12-15,,,2019,96.59%,,,,,,,,,,,,,
APP0141,diploma_marksheet,Chaman Dugar,Naveen Dugar,,,,,2020,60.02%,12th,,,,,,,,,,,,
APP0141,leaving_certificate,Chaman Dugar,Naveen Dugar,,2004-12-15,,,,,,,,,,,,,,,,,
APP0141,cet_scorecard,Chaman Dugar,Naveen Dugar,Qushi Dugar,2004-12-15,,,,,,,OPEN,Female,,69.92%,,,,,,,
APP0141,caste_certificate,Chaman Dugar,Naveen Dugar,,2004-12-15,,,,,,,OPEN,,,,,,,,,,
APP0141,application_form,Chaman Dugar,Naveen Dugar,Qushi Dugar,2004-12-15,,,,,,,OPEN,Female,,,,,,,,,
APP0142,10th_marksheet,Elijah Mangal,Siddharth Mangal,Hemani Mangal,2003-05-12,,,2020,90.55%,,,,,,,,,,,,,
APP0142,diploma_marksheet,Elijah Mangal,Siddharth Mangal,,,,,2021,61.63%,Diploma,,,,,,,,,,,,
APP0142,leaving_certificate,Elijah Mangal,Siddharth Mangal,,2003-05-12,,,,,,,,,,,,,,,,,
APP0142,cet_scorecard,Elijah Mangal,Siddharth Mangal,Hemani Mangal,2003-05-12,,,,,,,SC/ST,Male,,88.8%,,,,,,,
APP0142,caste_certificate,Elijah Mangal,Siddharth Mangal,,2003-05-12,,,,,,,SC/ST,,,,,,,,,,
APP0142,application_form,Elijah Mangal,Siddharth Mangal,Hemani Mangal,2003-05-12,,,,,,,SC/ST,Male,,,,,,,,,
APP0143,10th_marksheet,Anusha Parikh,Gaurav Parikh,Jagvi Parikh,2003-09-16,,,2019,63.39%,,,,,,,,,,,,,
APP0143,diploma_marksheet,Anusha Parikh,Gaurav Parikh,,,,,2021,81.4%,Diploma,,,,,,,,,,,,
APP0143,leaving_certificate,Anusha Parikh,Gaurav Parikh,,2003-09-16,,,,,,,,,,,,,,,,,
APP0143,cet_scorecard,Anusha Parikh,Gaurav Parikh,Jagvi Parikh,2003-09-16,,,,,,,OBC,Female,,80.99%,,,,,,,
APP0143,caste_certificate,Anusha Parikh,Gaurav Parikh,,2003-09-16,,,,,,,OBC,,,,,,,,,,
APP0143,application_form,Anusha Parikh,Gaurav Parikh,Jagvi Parikh,2003-09-16,,,,,,,OBC,Female,,,,,,,,,
APP0144,10th_marksheet,Anvi Choudhary,Christopher Choudhary,Tanvi Choudhary,2006-08-11,,,2018,82.52%,,,,,,,,,,,,,
APP0144,diploma_marksheet,Anvi Choudhary,Christopher Choudhary,,,,,2022,80.76%,12th,,,,,,,,,,,,
APP0144,leaving_certificate,Anvi Choudhary,Christopher Choudhary,,2006-08-11,,,,,,,,,,,,,,,,,
APP0144,cet_scorecard,Anvi Choudhary,Christopher Choudhary,Tanvi Choudhary,2006-08-11,,,,,,,OBC,Female,,76.46%,,,,,,,
APP0144,caste_certificate,Anvi Choudhary,Christopher Choudhary,,2006-08-11,,,,,,,OBC,,,,,,,,,,
APP0144,application_form,Anvi Choudhary,Christopher Choudhary,Tanvi Choudhary,2006-08-11,,,,,,,OBC,Female,,,,,,,,,
APP0145,10th_marksheet,Kala Naidu,Vihaan Naidu,Widisha Naidu,2004-03-24,,,2020,85.11%,,,,,,,,,,,,,
APP0145,diploma_marksheet,Kala Naidu,Vihaan Naidu,,,,,2021,76.37%,12th,,,,,,,,,,,,
APP0145,leaving_certificate,Kala Naidu,Vihaan Naidu,,2004-03-24,,,,,,,,,,,,,,,,,
APP0145,cet_scorecard,Kala Naidu,Vihaan Naidu,Widisha Naidu,2004-03-24,,,,,,,OPEN,Female,,80.58%,,,,,,,
APP0145,caste_certificate,Kala Naidu,Vihaan Naidu,,2004-03-24,,,,,,,OPEN,,,,,,,,,,
APP0145,application_form,Kala Naidu,Vihaan Naidu,Widisha Naidu,2004-03-24,,,,,,,OPEN,Female,,,,,,,,,
APP0146,10th_marksheet,Rishi Sachdev,Dhruv Sachdev,Vedhika Sachdev,2006-02-19,,,2020,70.62%,,,,,,,,,,,,,
APP0146,diploma_marksheet,Rishi Sachdev,Dhruv Sachdev,,,,,2020,57.77%,12th,,,,,,,,,,,,
APP0146,leaving_certificate,Rishi Sachdev,Dhruv Sachdev,,2006-02-19,,,,,,,,,,,,,,,,,
APP0146,cet_scorecard,Rishi Sachdev,Dhruv Sachdev,Vedhika Sachdev,2006-02-19,,,,,,,EWS,Male,,93.49%,,,,,,,
APP0146,caste_certificate,Rishi Sachdev,Dhruv Sachdev,,2006-02-19,,,,,,,EWS,,,,,,,,,,
APP0146,application_form,Rishi Sachdev,Dhruv Sachdev,Vedhika Sachdev,2006-02-19,,,,,,,EWS,Male,,,,,,,,,
APP0147,10th_marksheet,Aarini Agarwal,Wriddhish Agarwal,Vanya Agarwal,2007-06-12,,,2018,76.26%,,,,,,,,,,,,,
APP0147,diploma_marksheet,Aarini Agarwal,Wriddhish Agarwal,,,,,2020,84.96%,12th,,,,,,,,,,,,
APP0147,leaving_certificate,Aarini Agarwal,Wriddhish Agarwal,,2007-06-12,,,,,,,,,,,,,,,,,
APP0147,cet_scorecard,Aarini Agarwal,Wriddhish Agarwal,Vanya Agarwal,2007-06-12,,,,,,,OPEN,Female,,85.56%,,,,,,,
APP0147,caste_certificate,Aarini Agarwal,Wriddhish Agarwal,,2007-06-12,,,,,,,OPEN,,,,,,,,,,
APP0147,application_form,Aarini Agarwal,Wriddhish Agarwal,Vanya Agarwal,2007-06-12,,,,,,,OPEN,Female,,,,,,,,,
APP0148,10th_marksheet,Noah Sathe,Qarin Sathe,Bhavika Sathe,2003-10-17,,,2020,60.85%,,,,,,,,,,,,,
APP0148,diploma_marksheet,Noah Sathe,Qarin Sathe,,,,,2020,69.42%,12th,,,,,,,,,,,,
APP0148,leaving_certificate,Noah Sathe,Qarin Sathe,,2003-10-17,,,,,,,,,,,,,,,,,
APP0148,cet_scorecard,Noah Sathe,Qarin Sathe,Bhavika Sathe,2003-10-17,,,,,,,SC/ST,Male,,81.11%,,,,,,,
APP0148,caste_certificate,Noah Sathe,Qarin Sathe,,2003-10-17,,,,,,,SC/ST,,,,,,,,,,
APP0148,application_form,Noah Sathe,Qarin Sathe,Bhavika Sathe,2003-10-17,,,,,,,SC/ST,Male,,,,,,,,,
APP0149,10th_marksheet,Ridhi Toor,Gunbir Toor,Maya Toor,2005-04-08,,,2018,88.03%,,,,,,,,,,,,,
APP0149,diploma_marksheet,Ridhi Toor,Gunbir Toor,,,,,2020,69.31%,12th,,,,,,,,,,,,
APP0149,leaving_certificate,Ridhi Toor,Gunbir Toor,,2005-04-08,,,,,,,,,,,,,,,,,
APP0149,cet_scorecard,Ridhi Toor,Gunbir Toor,Maya Toor,2005-04-08,,,,,,,SC/ST,Female,,94.13%,,,,,,,
APP0149,caste_certificate,Ridhi Toor,Gunbir Toor,,2005-04-08,,,,,,,SC/ST,,,,,,,,,,
APP0149,application_form,Ridhi Toor,Gunbir Toor,Maya Toor,2005-04-08,,,,,,,SC/ST,Female,,,,,,,,,
APP0150,10th_marksheet,Raksha Peri,Aayush Peri,Gauri Peri,2007-04-06,,,2019,86.16%,,,,,,,,,,,,,
APP0150,diploma_marksheet,Raksha Peri,Aayush Peri,,,,,2021,94.07%,Diploma,,,,,,,,,,,,
APP0150,leaving_certificate,Raksha Peri,Aayush Peri,,2007-04-06,,,,,,,,,,,,,,,,,
APP0150,cet_scorecard,Raksha Peri,Aayush Peri,Gauri Peri,2007-04-06,,,,,,,OPEN,Female,,65.72%,,,,,,,
APP0150,caste_certificate,Raksha Peri,Aayush Peri,,2007-04-06,,,,,,,OPEN,,,,,,,,,,
APP0150,application_form,Raksha Peri,Aayush Peri,Gauri Peri,2007-04-06,,,,,,,OPEN,Female,,,,,,,,,
APP0151,10th_marksheet,Balveer Sarkar,Tanay Sarkar,Vinaya Sarkar,2007-05-02,,,2019,83.3%,,,,,,,,,,,,,
APP0151,diploma_marksheet,Balveer Sarkar,Tanay Sarkar,,,,,2021,76.97%,12th,,,,,,,,,,,,
APP0151,leaving_certificate,Balveer Sarkar,Tanay Sarkar,,2007-05-02,,,,,,,,,,,,,,,,,
APP0151,cet_scorecard,Balveer Sarkar,Tanay Sarkar,Vinaya Sarkar,2007-05-02,,,,,,,OBC,Male,,87.94%,,,,,,,
APP0151,caste_certificate,Balveer Sarkar,Tanay Sarkar,,2007-05-02,,,,,,,OBC,,,,,,,,,,
APP0151,application_form,Balveer Sarkar,Tanay Sarkar,Vinaya Sarkar,2007-05-02,,,,,,,OBC,Male,,,,,,,,,
APP0152,10th_marksheet,Yashica Shenoy,Kiaan Shenoy,Jyoti Shenoy,2007-01-28,,,2020,60.54%,,,,,,,,,,,,,
APP0152,diploma_marksheet,Yashica Shenoy,Kiaan Shenoy,,,,,2020,75.13%,Diploma,,,,,,,,,,,,
APP0152,leaving_certificate,Yashica Shenoy,Kiaan Shenoy,,2007-01-28,,,,,,,,,,,,,,,,,
APP0152,cet_scorecard,Yashica Shenoy,Kiaan Shenoy,Jyoti Shenoy,2007-01-28,,,,,,,OPEN,Female,,69.42%,,,,,,,
APP0152,caste_certificate,Yashica Shenoy,Kiaan Shenoy,,2007-01-28,,,,,,,OPEN,,,,,,,,,,
APP0152,application_form,Yashica Shenoy,Kiaan Shenoy,Jyoti Shenoy,2007-01-28,,,,,,,OPEN,Female,,,,,,,,,
APP0153,10th_marksheet,Xavier Ram,Jagat Ram,Udyati Ram,2007-05-31,,,2020,83.72%,,,,,,,,,,,,,
APP0153,diploma_marksheet,Xavier Ram,Jagat Ram,,,,,2022,65.29%,12th,,,,,,,,,,,,
APP0153,leaving_certificate,Xavier Ram,Jagat Ram,,2007-05-31,,,,,,,,,,,,,,,,,
APP0153,cet_scorecard,Xavier Ram,Jagat Ram,Udyati Ram,2007-05-31,,,,,,,OPEN,Male,,70.23%,,,,,,,
APP0153,caste_certificate,Xavier Ram,Jagat Ram,,2007-05-31,,,,,,,OPEN,,,,,,,,,,
APP0153,application_form,Xavier Ram,Jagat Ram,Udyati Ram,2007-05-31,,,,,,,OPEN,Male,,,,,,,,,
APP0154,10th_marksheet,Ijaya Pandit,Samarth Pandit,Zilmil Pandit,2005-10-27,,,2019,79.84%,,,,,,,,,,,,,
APP0154,diploma_marksheet,Ijaya Pandit,Samarth Pandit,,,,,2020,60.61%,12th,,,,,,,,,,,,
APP0154,leaving_certificate,Ijaya Pandit,Samarth Pandit,,2005-10-27,,,,,,,,,,,,,,,,,
APP0154,cet_scorecard,Ijaya Pandit,Samarth Pandit,Zilmil Pandit,2005-10-27,,,,,,,OPEN,Female,,62.03%,,,,,,,
APP0154,caste_certificate,Ijaya Pandit,Samarth Pandit,,2005-10-27,,,,,,,OPEN,,,,,,,,,,
APP0154,application_form,Ijaya Pandit,Samarth Pandit,Zilmil Pandit,2005-10-27,,,,,,,OPEN,Female,,,,,,,,,
APP0155,10th_marksheet,Jeevika Varty,Dev Varty,Aradhana Varty,2007-04-28,,,2018,77.33%,,,,,,,,,,,,,
APP0155,diploma_marksheet,Jeevika Varty,Dev Varty,,,,,2022,76.79%,12th,,,,,,,,,,,,
APP0155,leaving_certificate,Jeevika Varty,Dev Varty,,2007-04-28,,,,,,,,,,,,,,,,,
APP0155,cet_scorecard,Jeevika Varty,Dev Varty,Aradhana Varty,2007-04-28,,,,,,,OPEN,Female,,66.94%,,,,,,,
APP0155,caste_certificate,Jeevika Varty,Dev Varty,,2007-04-28,,,,,,,OPEN,,,,,,,,,,
APP0155,application_form,Jeevika Varty,Dev Varty,Aradhana Varty,2007-04-28,,,,,,,OPEN,Female,,,,,,,,,
APP0156,10th_marksheet,Arya Pant,Qabil Pant,Oni Pant,2003-12-07,,,2019,71.38%,,,,,,,,,,,,,
APP0156,diploma_marksheet,Arya Pant,Qabil Pant,,,,,2022,59.98%,Diploma,,,,,,,,,,,,
APP0156,leaving_certificate,Arya Pant,Qabil Pant,,2003-12-07,,,,,,,,,,,,,,,,,
APP0156,cet_scorecard,Arya Pant,Qabil Pant,Oni Pant,2003-12-07,,,,,,,OPEN,Female,,73.83%,,,,,,,
APP0156,caste_certificate,Arya Pant,Qabil Pant,,2003-12-07,,,,,,,OPEN,,,,,,,,,,
APP0156,application_form,Arya Pant,Qabil Pant,Oni Pant,2003-12-07,,,,,,,OPEN,Female,,,,,,,,,
APP0157,10th_marksheet,Alexander Bhatnagar,Chakradhar Bhatnagar,Widisha Bhatnagar,2005-03-22,,,2018,87.66%,,,,,,,,,,,,,
APP0157,diploma_marksheet,Alexander Bhatnagar,Chakradhar Bhatnagar,,,,,2021,78.93%,12th,,,,,,,,,,,,
APP0157,leaving_certificate,Alexander Bhatnagar,Chakradhar Bhatnagar,,2005-03-22,,,,,,,,,,,,,,,,,
APP0157,cet_scorecard,Alexander Bhatnagar,Chakradhar Bhatnagar,Widisha Bhatnagar,2005-03-22,,,,,,,OPEN,Male,,66.71%,,,,,,,
APP0157,caste_certificate,Alexander Bhatnagar,Chakradhar Bhatnagar,,2005-03-22,,,,,,,OPEN,,,,,,,,,,
APP0157,application_form,Alexander Bhatnagar,Chakradhar Bhatnagar,Widisha Bhatnagar,2005-03-22,,,,,,,OPEN,Male,,,,,,,,,
APP0158,10th_marksheet,Gautami Grover,Qasim Grover,Sachi Grover,2007-01-24,,,2018,88.03%,,,,,,,,,,,,,
APP0158,diploma_marksheet,Gautami Grover,Qasim Grover,,,,,2021,73.94%,12th,,,,,,,,,,,,
APP0158,leaving_certificate,Gautami Grover,Qasim Grover,,2007-01-24,,,,,,,,,,,,,,,,,
APP0158,cet_scorecard,Gautami Grover,Qasim Grover,Sachi Grover,2007-01-24,,,,,,,EWS,Female,,75.9%,,,,,,,
APP0158,caste_certificate,Gautami Grover,Qasim Grover,,2007-01-24,,,,,,,EWS,,,,,,,,,,
APP0158,application_form,Gautami Grover,Qasim Grover,Sachi Grover,2007-01-24,,,,,,,EWS,Female,,,,,,,,,
APP0159,10th_marksheet,Alka Mitter,Bakhshi Mitter,Siya Mitter,2004-09-03,,,2018,60.35%,,,,,,,,,,,,,
APP0159,diploma_marksheet,Alka Mitter,Bakhshi Mitter,,,,,2021,83.94%,12th,,,,,,,,,,,,
APP0159,leaving_certificate,Alka Mitter,Bakhshi Mitter,,2004-09-03,,,,,,,,,,,,,,,,,
APP0159,cet_scorecard,Alka Mitter,Bakhshi Mitter,Siya Mitter,2004-09-03,,,,,,,OBC,Female,,98.68%,,,,,,,
APP0159,caste_certificate,Alka Mitter,Bakhshi Mitter,,2004-09-03,,,,,,,OBC,,,,,,,,,,
APP0159,application_form,Alka Mitter,Bakhshi Mitter,Siya Mitter,2004-09-03,,,,,,,OBC,Female,,,,,,,,,
APP0160,10th_marksheet,Eiravati Lalla,Agastya Lalla,Nidra Lalla,2005-08-22,,,2018,75.7%,,,,,,,,,,,,,
APP0160,diploma_marksheet,Eiravati Lalla,Agastya Lalla,,,,,2021,63.73%,12th,,,,,,,,,,,,
APP0160,leaving_certificate,Eiravati Lalla,Agastya Lalla,,2005-08-22,,,,,,,,,,,,,,,,,
APP0160,cet_scorecard,Eiravati Lalla,Agastya Lalla,Nidra Lalla,2005-08-22,,,,,,,OPEN,Female,,69.45%,,,,,,,
APP0160,caste_certificate,Eiravati Lalla,Agastya Lalla,,2005-08-22,,,,,,,OPEN,,,,,,,,,,
APP0160,application_form,Eiravati Lalla,Agastya Lalla,Nidra Lalla,2005-08-22,,,,,,,OPEN,Female,,,,,,,,,
APP0161,10th_marksheet,Adweta Saxena,Ikbal Saxena,Kavya Saxena,2006-10-14,,,2018,81.41%,,,,,,,,,,,,,
APP0161,diploma_marksheet,Adweta Saxena,Ikbal Saxena,,,,,2020,93.18%,12th,,,,,,,,,,,,
APP0161,leaving_certificate,Adweta Saxena,Ikbal Saxena,,2006-10-14,,,,,,,,,,,,,,,,,
APP0161,cet_scorecard,Adweta Saxena,Ikbal Saxena,Kavya Saxena,2006-10-14,,,,,,,OBC,Female,,83.06%,,,,,,,
APP0161,caste_certificate,Adweta Saxena,Ikbal Saxena,,2006-10-14,,,,,,,OBC,,,,,,,,,,
APP0161,application_form,Adweta Saxena,Ikbal Saxena,Kavya Saxena,2006-10-14,,,,,,,OBC,Female,,,,,,,,,
APP0162,10th_marksheet,Nirja Sankaran,Saksham Sankaran,Urvi Sankaran,2005-10-26,,,2019,62.47%,,,,,,,,,,,,,
APP0162,diploma_marksheet,Nirja Sankaran,Saksham Sankaran,,,,,2022,85.22%,12th,,,,,,,,,,,,
APP0162,leaving_certificate,Nirja Sankaran,Saksham Sankaran,,2005-10-26,,,,,,,,,,,,,,,,,
APP0162,cet_scorecard,Nirja Sankaran,Saksham Sankaran,Urvi Sankaran,2005-10-26,,,,,,,OBC,Female,,72.3%,,,,,,,
APP0162,caste_certificate,Nirja Sankaran,Saksham Sankaran,,2005-10-26,,,,,,,OBC,,,,,,,,,,
APP0162,application_form,Nirja Sankaran,Saksham Sankaran,Urvi Sankaran,2005-10-26,,,,,,,OBC,Female,,,,,,,,,
APP0163,10th_marksheet,Charvi Hari,Tanish Hari,Leena Hari,2007-01-14,,,2019,79.07%,,,,,,,,,,,,,
APP0163,diploma_marksheet,Charvi Hari,Tanish Hari,,,,,2021,75.99%,12th,,,,,,,,,,,,
APP0163,leaving_certificate,Charvi Hari,Tanish Hari,,2007-01-14,,,,,,,,,,,,,,,,,
APP0163,cet_scorecard,Charvi Hari,Tanish Hari,Leena Hari,2007-01-14,,,,,,,EWS,Female,,64.36%,,,,,,,
APP0163,caste_certificate,Charvi Hari,Tanish Hari,,2007-01-14,,,,,,,EWS,,,,,,,,,,
APP0163,application_form,Charvi Hari,Tanish Hari,Leena Hari,2007-01-14,,,,,,,EWS,Female,,,,,,,,,
APP0164,10th_marksheet,Tara Nagi,William Nagi,Watika Nagi,2003-08-04,,,2019,76.98%,,,,,,,,,,,,,
APP0164,diploma_marksheet,Tara Nagi,William Nagi,,,,,2022,57.35%,Diploma,,,,,,,,,,,,
APP0164,leaving_certificate,Tara Nagi,William Nagi,,2003-08-04,,,,,,,,,,,,,,,,,
APP0164,cet_scorecard,Tara Nagi,William Nagi,Watika Nagi,2003-08-04,,,,,,,SC/ST,Female,,92.06%,,,,,,,
APP0164,caste_certificate,Tara Nagi,William Nagi,,2003-08-04,,,,,,,SC/ST,,,,,,,,,,
APP0164,application_form,Tara Nagi,William Nagi,Watika Nagi,2003-08-04,,,,,,,SC/ST,Female,,,,,,,,,
APP0165,10th_marksheet,Veda Konda,Laban Konda,Aarna Konda,2003-09-15,,,2020,86.93%,,,,,,,,,,,,,
APP0165,diploma_marksheet,Veda Konda,Laban Konda,,,,,2022,66.97%,Diploma,,,,,,,,,,,,
APP0165,leaving_certificate,Veda Konda,Laban Konda,,2003-09-15,,,,,,,,,,,,,,,,,
APP0165,cet_scorecard,Veda Konda,Laban Konda,Aarna Konda,2003-09-15,,,,,,,SC/ST,Female,,71.05%,,,,,,,
APP0165,caste_certificate,Veda Konda,Laban Konda,,2003-09-15,,,,,,,SC/ST,,,,,,,,,,
APP0165,application_form,Veda Konda,Laban Konda,Aarna Konda,2003-09-15,,,,,,,SC/ST,Female,,,,,,,,,
APP0166,10th_marksheet,Kamala Halder,Noah Halder,Pallavi Halder,2005-04-28,,,2019,90.59%,,,,,,,,,,,,,
APP0166,diploma_marksheet,Kamala Halder,Noah Halder,,,,,2021,77.65%,12th,,,,,,,,,,,,
APP0166,leaving_certificate,Kamala Halder,Noah Halder,,2005-04-28,,,,,,,,,,,,,,,,,
APP0166,cet_scorecard,Kamala Halder,Noah Halder,Pallavi Halder,2005-04-28,,,,,,,OBC,Female,,80.41%,,,,,,,
APP0166,caste_certificate,Kamala Halder,Noah Halder,,2005-04-28,,,,,,,OBC,,,,,,,,,,
APP0166,application_form,Kamala Halder,Noah Halder,Pallavi Halder,2005-04-28,,,,,,,OBC,Female,,,,,,,,,
APP0167,10th_marksheet,Balveer Kata,Daksh Kata,Panini Kata,2003-02-22,,,2019,71.26%,,,,,,,,,,,,,
APP0167,diploma_marksheet,Balveer Kata,Daksh Kata,,,,,2020,89.93%,Diploma,,,,,,,,,,,,
APP0167,leaving_certificate,Balveer Kata,Daksh Kata,,2003-02-22,,,,,,,,,,,,,,,,,
APP0167,cet_scorecard,Balveer Kata,Daksh Kata,Panini Kata,2003-02-22,,,,,,,OPEN,Male,,65.97%,,,,,,,
APP0167,caste_certificate,Balveer Kata,Daksh Kata,,2003-02-22,,,,,,,OPEN,,,,,,,,,,
APP0167,application_form,Balveer Kata,Daksh Kata,Panini Kata,2003-02-22,,,,,,,OPEN,Male,,,,,,,,,
APP0168,10th_marksheet,Ekbal Sant,Aarav Sant,Reva Sant,2007-03-07,,,2018,67.33%,,,,,,,,,,,,,
APP0168,diploma_marksheet,Ekbal Sant,Aarav Sant,,,,,2020,56.59%,Diploma,,,,,,,,,,,,
APP0168,leaving_certificate,Ekbal Sant,Aarav Sant,,2007-03-07,,,,,,,,,,,,,,,,,
APP0168,cet_scorecard,Ekbal Sant,Aarav Sant,Reva Sant,2007-03-07,,,,,,,OPEN,Male,,76.16%,,,,,,,
APP0168,caste_certificate,Ekbal Sant,Aarav Sant,,2007-03-07,,,,,,,OPEN,,,,,,,,,,
APP0168,application_form,Ekbal Sant,Aarav Sant,Reva Sant,2007-03-07,,,,,,,OPEN,Male,,,,,,,,,
APP0169,10th_marksheet,Chameli Ramesh,Balhaar Ramesh,Zansi Ramesh,2006-04-13,,,2019,76.15%,,,,,,,,,,,,,
APP0169,diploma_marksheet,Chameli Ramesh,Balhaar Ramesh,,,,,2021,62.8%,12th,,,,,,,,,,,,
APP0169,leaving_certificate,Chameli Ramesh,Balhaar Ramesh,,2006-04-13,,,,,,,,,,,,,,,,,
APP0169,cet_scorecard,Chameli Ramesh,Balhaar Ramesh,Zansi Ramesh,2006-04-13,,,,,,,SC/ST,Female,,68.16%,,,,,,,
APP0169,caste_certificate,Chameli Ramesh,Balhaar Ramesh,,2006-04-13,,,,,,,SC/ST,,,,,,,,,,
APP0169,application_form,Chameli Ramesh,Balhaar Ramesh,Zansi Ramesh,2006-04-13,,,,,,,SC/ST,Female,,,,,,,,,
APP0170,10th_marksheet,Arunima Sanghvi,David Sanghvi,Omaja Sanghvi,2005-06-03,,,2018,92.06%,,,,,,,,,,,,,
APP0170,diploma_marksheet,Arunima Sanghvi,David Sanghvi,,,,,2021,79.98%,Diploma,,,,,,,,,,,,
APP0170,leaving_certificate,Arunima Sanghvi,David Sanghvi,,2005-06-03,,,,,,,,,,,,,,,,,
APP0170,cet_scorecard,Arunima Sanghvi,David Sanghvi,Omaja Sanghvi,2005-06-03,,,,,,,OPEN,Female,,60.76%,,,,,,,
APP0170,caste_certificate,Arunima Sanghvi,David Sanghvi,,2005-06-03,,,,,,,OPEN,,,,,,,,,,
APP0170,application_form,Arunima Sanghvi,David Sanghvi,Omaja Sanghvi,2005-06-03,,,,,,,OPEN,Female,,,,,,,,,
APP0171,10th_marksheet,Mohammed Mane,Kevin Mane,Mitali Mane,2004-09-04,,,2019,61.53%,,,,,,,,,,,,,
APP0171,diploma_marksheet,Mohammed Mane,Kevin Mane,,,,,2021,67.27%,12th,,,,,,,,,,,,
APP0171,leaving_certificate,Mohammed Mane,Kevin Mane,,2004-09-04,,,,,,,,,,,,,,,,,
APP0171,cet_scorecard,Mohammed Mane,Kevin Mane,Mitali Mane,2004-09-04,,,,,,,SC/ST,Male,,98.39%,,,,,,,
APP0171,caste_certificate,Mohammed Mane,Kevin Mane,,2004-09-04,,,,,,,SC/ST,,,,,,,,,,
APP0171,application_form,Mohammed Mane,Kevin Mane,Mitali Mane,2004-09-04,,,,,,,SC/ST,Male,,,,,,,,,
APP0172,10th_marksheet,Chandani Kapoor,Nathan Kapoor,Aachal Kapoor,2004-12-21,,,2020,66.27%,,,,,,,,,,,,,
APP0172,diploma_marksheet,Chandani Kapoor,Nathan Kapoor,,,,,2020,81.61%,12th,,,,,,,,,,,,
APP0172,leaving_certificate,Chandani Kapoor,Nathan Kapoor,,2004-12-21,,,,,,,,,,,,,,,,,
APP0172,cet_scorecard,Chandani Kapoor,Nathan Kapoor,Aachal Kapoor,2004-12-21,,,,,,,OPEN,Female,,68.86%,,,,,,,
APP0172,caste_certificate,Chandani Kapoor,Nathan Kapoor,,2004-12-21,,,,,,,OPEN,,,,,,,,,,
APP0172,application_form,Chandani Kapoor,Nathan Kapoor,Aachal Kapoor,2004-12-21,,,,,,,OPEN,Female,,,,,,,,,
APP0173,10th_marksheet,Deepa Karpe,Shivansh Karpe,Omya Karpe,2005-12-05,,,2020,97.15%,,,,,,,,,,,,,
APP0173,diploma_marksheet,Deepa Karpe,Shivansh Karpe,,,,,2020,88.32%,Diploma,,,,,,,,,,,,
APP0173,leaving_certificate,Deepa Karpe,Shivansh Karpe,,2005-12-05,,,,,,,,,,,,,,,,,
APP0173,cet_scorecard,Deepa Karpe,Shivansh Karpe,Omya Karpe,2005-12-05,,,,,,,OBC,Female,,70.58%,,,,,,,
APP0173,caste_certificate,Deepa Karpe,Shivansh Karpe,,2005-12-05,,,,,,,OBC,,,,,,,,,,
APP0173,application_form,Deepa Karpe,Shivansh Karpe,Omya Karpe,2005-12-05,,,,,,,OBC,Female,,,,,,,,,
APP0174,10th_marksheet,Janani Bakshi,Abeer Bakshi,Harinakshi Bakshi,2006-08-14,,,2019,75.2%,,,,,,,,,,,,,
APP0174,diploma_marksheet,Janani Bakshi,Abeer Bakshi,,,,,2020,63.36%,12th,,,,,,,,,,,,
APP0174,leaving_certificate,Janani Bakshi,Abeer Bakshi,,2006-08-14,,,,,,,,,,,,,,,,,
APP0174,cet_scorecard,Janani Bakshi,Abeer Bakshi,Harinakshi Bakshi,2006-08-14,,,,,,,OPEN,Female,,80.45%,,,,,,,
APP0174,caste_certificate,Janani Bakshi,Abeer Bakshi,,2006-08-14,,,,,,,OPEN,,,,,,,,,,
APP0174,application_form,Janani Bakshi,Abeer Bakshi,Harinakshi Bakshi,2006-08-14,,,,,,,OPEN,Female,,,,,,,,,
APP0175,10th_marksheet,Yoshita Balakrishnan,George Balakrishnan,Urmi Balakrishnan,2006-01-15,,,2018,94.87%,,,,,,,,,,,,,
APP0175,diploma_marksheet,Yoshita Balakrishnan,George Balakrishnan,,,,,2020,83.37%,Diploma,,,,,,,,,,,,
APP0175,leaving_certificate,Yoshita Balakrishnan,George Balakrishnan,,2006-01-15,,,,,,,,,,,,,,,,,
APP0175,cet_scorecard,Yoshita Balakrishnan,George Balakrishnan,Urmi Balakrishnan,2006-01-15,,,,,,,OBC,Female,,77.1%,,,,,,,
APP0175,caste_certificate,Yoshita Balakrishnan,George Balakrishnan,,2006-01-15,,,,,,,OBC,,,,,,,,,,
APP0175,application_form,Yoshita Balakrishnan,George Balakrishnan,Urmi Balakrishnan,2006-01-15,,,,,,,OBC,Female,,,,,,,,,
APP0176,10th_marksheet,Nathan Rao,Tanish Rao,Kashvi Rao,2006-06-30,,,2020,89.27%,,,,,,,,,,,,,
APP0176,diploma_marksheet,Nathan Rao,Tanish Rao,,,,,2022,77.36%,12th,,,,,,,,,,,,
APP0176,leaving_certificate,Nathan Rao,Tanish Rao,,2006-06-30,,,,,,,,,,,,,,,,,
APP0176,cet_scorecard,Nathan Rao,Tanish Rao,Kashvi Rao,2006-06-30,,,,,,,SC/ST,Male,,86.83%,,,,,,,
APP0176,caste_certificate,Nathan Rao,Tanish Rao,,2006-06-30,,,,,,,SC/ST,,,,,,,,,,
APP0176,application_form,Nathan Rao,Tanish Rao,Kashvi Rao,2006-06-30,,,,,,,SC/ST,Male,,,,,,,,,
APP0177,10th_marksheet,Nakul Rajan,Manan Rajan,Harini Rajan,2004-02-03,,,2019,75.41%,,,,,,,,,,,,,
APP0177,diploma_marksheet,Nakul Rajan,Manan Rajan,,,,,2020,72.83%,12th,,,,,,,,,,,,
APP0177,leaving_certificate,Nakul Rajan,Manan Rajan,,2004-02-03,,,,,,,,,,,,,,,,,
APP0177,cet_scorecard,Nakul Rajan,Manan Rajan,Harini Rajan,2004-02-03,,,,,,,SC/ST,Male,,85.24%,,,,,,,
APP0177,caste_certificate,Nakul Rajan,Manan Rajan,,2004-02-03,,,,,,,SC/ST,,,,,,,,,,
APP0177,application_form,Nakul Rajan,Manan Rajan,Harini Rajan,2004-02-03,,,,,,,SC/ST,Male,,,,,,,,,
APP0178,10th_marksheet,Bachittar Dua,Nachiket Dua,Bina Dua,2007-09-26,,,2019,74.6%,,,,,,,,,,,,,
APP0178,diploma_marksheet,Bachittar Dua,Nachiket Dua,,,,,2022,88.24%,12th,,,,,,,,,,,,
APP0178,leaving_certificate,Bachittar Dua,Nachiket Dua,,2007-09-26,,,,,,,,,,,,,,,,,
APP0178,cet_scorecard,Bachittar Dua,Nachiket Dua,Bina Dua,2007-09-26,,,,,,,OPEN,Male,,79.0%,,,,,,,
APP0178,caste_certificate,Bachittar Dua,Nachiket Dua,,2007-09-26,,,,,,,OPEN,,,,,,,,,,
APP0178,application_form,Bachittar Dua,Nachiket Dua,Bina Dua,2007-09-26,,,,,,,OPEN,Male,,,,,,,,,
APP0179,10th_marksheet,Upkaar Sagar,Theodore Sagar,Nidhi Sagar,2004-04-20,,,2020,72.52%,,,,,,,,,,,,,
APP0179,diploma_marksheet,Upkaar Sagar,Theodore Sagar,,,,,2022,91.2%,12th,,,,,,,,,,,,
APP0179,leaving_certificate,Upkaar Sagar,Theodore Sagar,,2004-04-20,,,,,,,,,,,,,,,,,
APP0179,cet_scorecard,Upkaar Sagar,Theodore Sagar,Nidhi Sagar,2004-04-20,,,,,,,EWS,Male,,74.33%,,,,,,,
APP0179,caste_certificate,Upkaar Sagar,Theodore Sagar,,2004-04-20,,,,,,,EWS,,,,,,,,,,
APP0179,application_form,Upkaar Sagar,Theodore Sagar,Nidhi Sagar,2004-04-20,,,,,,,EWS,Male,,,,,,,,,
APP0180,10th_marksheet,Abhiram Lalla,Saksham Lalla,Falak Lalla,2007-02-25,,,2018,95.31%,,,,,,,,,,,,,
APP0180,diploma_marksheet,Abhiram Lalla,Saksham Lalla,,,,,2020,68.17%,12th,,,,,,,,,,,,
APP0180,leaving_certificate,Abhiram Lalla,Saksham Lalla,,2007-02-25,,,,,,,,,,,,,,,,,
APP0180,cet_scorecard,Abhiram Lalla,Saksham Lalla,Falak Lalla,2007-02-25,,,,,,,OPEN,Male,,98.07%,,,,,,,
APP0180,caste_certificate,Abhiram Lalla,Saksham Lalla,,2007-02-25,,,,,,,OPEN,,,,,,,,,,
APP0180,application_form,Abhiram Lalla,Saksham Lalla,Falak Lalla,2007-02-25,,,,,,,OPEN,Male,,,,,,,,,
APP0181,10th_marksheet,Forum Lanka,Ekapad Lanka,Kashish Lanka,2007-02-05,,,2018,73.41%,,,,,,,,,,,,,
APP0181,diploma_marksheet,Forum Lanka,Ekapad Lanka,,,,,2022,82.18%,Diploma,,,,,,,,,,,,
APP0181,leaving_certificate,Forum Lanka,Ekapad Lanka,,2007-02-05,,,,,,,,,,,,,,,,,
APP0181,cet_scorecard,Forum Lanka,Ekapad Lanka,Kashish Lanka,2007-02-05,,,,,,,OPEN,Female,,64.31%,,,,,,,
APP0181,caste_certificate,Forum Lanka,Ekapad Lanka,,2007-02-05,,,,,,,OPEN,,,,,,,,,,
APP0181,application_form,Forum Lanka,Ekapad Lanka,Kashish Lanka,2007-02-05,,,,,,,OPEN,Female,,,,,,,,,
APP0182,10th_marksheet,Hema Saraf,Rachit Saraf,Anusha Saraf,2005-07-22,,,2020,97.9%,,,,,,,,,,,,,
APP0182,diploma_marksheet,Hema Saraf,Rachit Saraf,,,,,2020,58.92%,12th,,,,,,,,,,,,
APP0182,leaving_certificate,Hema Saraf,Rachit Saraf,,2005-07-22,,,,,,,,,,,,,,,,,
APP0182,cet_scorecard,Hema Saraf,Rachit Saraf,Anusha Saraf,2005-07-22,,,,,,,OBC,Female,,87.99%,,,,,,,
APP0182,caste_certificate,Hema Saraf,Rachit Saraf,,2005-07-22,,,,,,,OBC,,,,,,,,,,
APP0182,application_form,Hema Saraf,Rachit Saraf,Anusha Saraf,2005-07-22,,,,,,,OBC,Female,,,,,,,,,
APP0183,10th_marksheet,Krish Tata,Girik Tata,Harinakshi Tata,2002-11-18,,,2019,83.28%,,,,,,,,,,,,,
APP0183,diploma_marksheet,Krish Tata,Girik Tata,,,,,2022,76.65%,12th,,,,,,,,,,,,
APP0183,leaving_certificate,Krish Tata,Girik Tata,,2002-11-18,,,,,,,,,,,,,,,,,
APP0183,cet_scorecard,Krish Tata,Girik Tata,Harinakshi Tata,2002-11-18,,,,,,,OBC,Male,,90.02%,,,,,,,
APP0183,caste_certificate,Krish Tata,Girik Tata,,2002-11-18,,,,,,,OBC,,,,,,,,,,
APP0183,application_form,Krish Tata,Girik Tata,Harinakshi Tata,2002-11-18,,,,,,,OBC,Male,,,,,,,,,
APP0184,10th_marksheet,Jackson Morar,Qadim Morar,Wishi Morar,2006-08-04,,,2018,91.07%,,,,,,,,,,,,,
APP0184,diploma_marksheet,Jackson Morar,Qadim Morar,,,,,2022,81.53%,Diploma,,,,,,,,,,,,
APP0184,leaving_certificate,Jackson Morar,Qadim Morar,,2006-08-04,,,,,,,,,,,,,,,,,
APP0184,cet_scorecard,Jackson Morar,Qadim Morar,Wishi Morar,2006-08-04,,,,,,,OPEN,Male,,69.68%,,,,,,,
APP0184,caste_certificate,Jackson Morar,Qadim Morar,,2006-08-04,,,,,,,OPEN,,,,,,,,,,
APP0184,application_form,Jackson Morar,Qadim Morar,Wishi Morar,2006-08-04,,,,,,,OPEN,Male,,,,,,,,,
APP0185,10th_marksheet,Mitali Memon,Xavier Memon,Hemal Memon,2006-05-08,,,2020,85.18%,,,,,,,,,,,,,
APP0185,diploma_marksheet,Mitali Memon,Xavier Memon,,,,,2022,83.39%,Diploma,,,,,,,,,,,,
APP0185,leaving_certificate,Mitali Memon,Xavier Memon,,2006-05-08,,,,,,,,,,,,,,,,,
APP0185,cet_scorecard,Mitali Memon,Xavier Memon,Hemal Memon,2006-05-08,,,,,,,OBC,Female,,89.97%,,,,,,,
APP0185,caste_certificate,Mitali Memon,Xavier Memon,,2006-05-08,,,,,,,OBC,,,,,,,,,,
APP0185,application_form,Mitali Memon,Xavier Memon,Hemal Memon,2006-05-08,,,,,,,OBC,Female,,,,,,,,,
APP0186,10th_marksheet,Ekiya Chandran,Balveer Chandran,Kashish Chandran,2004-06-18,,,2020,64.32%,,,,,,,,,,,,,
APP0186,diploma_marksheet,Ekiya Chandran,Balveer Chandran,,,,,2022,67.33%,Diploma,,,,,,,,,,,,
APP0186,leaving_certificate,Ekiya Chandran,Balveer Chandran,,2004-06-18,,,,,,,,,,,,,,,,,
APP0186,cet_scorecard,Ekiya Chandran,Balveer Chandran,Kashish Chandran,2004-06-18,,,,,,,SC/ST,Female,,68.0%,,,,,,,
APP0186,caste_certificate,Ekiya Chandran,Balveer Chandran,,2004-06-18,,,,,,,SC/ST,,,,,,,,,,
APP0186,application_form,Ekiya Chandran,Balveer Chandran,Kashish Chandran,2004-06-18,,,,,,,SC/ST,Female,,,,,,,,,
APP0187,10th_marksheet,Yagnesh Doctor,Nitesh Doctor,Harinakshi Doctor,2004-06-04,,,2019,82.23%,,,,,,,,,,,,,
APP0187,diploma_marksheet,Yagnesh Doctor,Nitesh Doctor,,,,,2021,60.01%,12th,,,,,,,,,,,,
APP0187,leaving_certificate,Yagnesh Doctor,Nitesh Doctor,,2004-06-04,,,,,,,,,,,,,,,,,
APP0187,cet_scorecard,Yagnesh Doctor,Nitesh Doctor,Harinakshi Doctor,2004-06-04,,,,,,,OBC,Male,,65.38%,,,,,,,
APP0187,caste_certificate,Yagnesh Doctor,Nitesh Doctor,,2004-06-04,,,,,,,OBC,,,,,,,,,,
APP0187,application_form,Yagnesh Doctor,Nitesh Doctor,Harinakshi Doctor,2004-06-04,,,,,,,OBC,Male,,,,,,,,,
APP0188,10th_marksheet,Gabriel Gill,Tanay Gill,Avni Gill,2007-05-14,,,2019,61.75%,,,,,,,,,,,,,
APP0188,diploma_marksheet,Gabriel Gill,Tanay Gill,,,,,2022,76.79%,12th,,,,,,,,,,,,
APP0188,leaving_certificate,Gabriel Gill,Tanay Gill,,2007-05-14,,,,,,,,,,,,,,,,,
APP0188,cet_scorecard,Gabriel Gill,Tanay Gill,Avni Gill,2007-05-14,,,,,,,SC/ST,Male,,72.71%,,,,,,,
APP0188,caste_certificate,Gabriel Gill,Tanay Gill,,2007-05-14,,,,,,,SC/ST,,,,,,,,,,
APP0188,application_form,Gabriel Gill,Tanay Gill,Avni Gill,2007-05-14,,,,,,,SC/ST,Male,,,,,,,,,
APP0189,10th_marksheet,Nitesh Parmar,Aadi Parmar,Arunima Parmar,2003-07-15,,,2018,66.18%,,,,,,,,,,,,,
APP0189,diploma_marksheet,Nitesh Parmar,Aadi Parmar,,,,,2020,78.67%,12th,,,,,,,,,,,,
APP0189,leaving_certificate,Nitesh Parmar,Aadi Parmar,,2003-07-15,,,,,,,,,,,,,,,,,
APP0189,cet_scorecard,Nitesh Parmar,Aadi Parmar,Arunima Parmar,2003-07-15,,,,,,,SC/ST,Male,,75.73%,,,,,,,
APP0189,caste_certificate,Nitesh Parmar,Aadi Parmar,,2003-07-15,,,,,,,SC/ST,,,,,,,,,,
APP0189,application_form,Nitesh Parmar,Aadi Parmar,Arunima Parmar,2003-07-15,,,,,,,SC/ST,Male,,,,,,,,,
APP0190,10th_marksheet,Zaitra Sen,Faraj Sen,Priya Sen,2005-04-11,,,2018,84.43%,,,,,,,,,,,,,
APP0190,diploma_marksheet,Zaitra Sen,Faraj Sen,,,,,2021,76.07%,12th,,,,,,,,,,,,
APP0190,leaving_certificate,Zaitra Sen,Faraj Sen,,2005-04-11,,,,,,,,,,,,,,,,,
APP0190,cet_scorecard,Zaitra Sen,Faraj Sen,Priya Sen,2005-04-11,,,,,,,OBC,Female,,74.29%,,,,,,,
APP0190,caste_certificate,Zaitra Sen,Faraj Sen,,2005-04-11,,,,,,,OBC,,,,,,,,,,
APP0190,application_form,Zaitra Sen,Faraj Sen,Priya Sen,2005-04-11,,,,,,,OBC,Female,,,,,,,,,
APP0191,10th_marksheet,Kala Mukherjee,Caleb Mukherjee,Raksha Mukherjee,2004-10-18,,,2020,79.14%,,,,,,,,,,,,,
APP0191,diploma_marksheet,Kala Mukherjee,Caleb Mukherjee,,,,,2021,55.65%,12th,,,,,,,,,,,,
APP0191,leaving_certificate,Kala Mukherjee,Caleb Mukherjee,,2004-10-18,,,,,,,,,,,,,,,,,
APP0191,cet_scorecard,Kala Mukherjee,Caleb Mukherjee,Raksha Mukherjee,2004-10-18,,,,,,,SC/ST,Female,,78.46%,,,,,,,
APP0191,caste_certificate,Kala Mukherjee,Caleb Mukherjee,,2004-10-18,,,,,,,SC/ST,,,,,,,,,,
APP0191,application_form,Kala Mukherjee,Caleb Mukherjee,Raksha Mukherjee,2004-10-18,,,,,,,SC/ST,Female,,,,,,,,,
APP0192,10th_marksheet,Darpan Saraf,Qabil Saraf,Lakshmi Saraf,2006-03-22,,,2020,82.99%,,,,,,,,,,,,,
APP0192,diploma_marksheet,Darpan Saraf,Qabil Saraf,,,,,2022,70.01%,Diploma,,,,,,,,,,,,
APP0192,leaving_certificate,Darpan Saraf,Qabil Saraf,,2006-03-22,,,,,,,,,,,,,,,,,
APP0192,cet_scorecard,Darpan Saraf,Qabil Saraf,Lakshmi Saraf,2006-03-22,,,,,,,OBC,Male,,83.55%,,,,,,,
APP0192,caste_certificate,Darpan Saraf,Qabil Saraf,,2006-03-22,,,,,,,OBC,,,,,,,,,,
APP0192,application_form,Darpan Saraf,Qabil Saraf,Lakshmi Saraf,2006-03-22,,,,,,,OBC,Male,,,,,,,,,
APP0193,10th_marksheet,Alexander Raval,Nitesh Raval,Rajeshri Raval,2005-01-17,,,2018,97.47%,,,,,,,,,,,,,
APP0193,diploma_marksheet,Alexander Raval,Nitesh Raval,,,,,2020,89.15%,12th,,,,,,,,,,,,
APP0193,leaving_certificate,Alexander Raval,Nitesh Raval,,2005-01-17,,,,,,,,,,,,,,,,,
APP0193,cet_scorecard,Alexander Raval,Nitesh Raval,Rajeshri Raval,2005-01-17,,,,,,,OBC,Male,,94.73%,,,,,,,
APP0193,caste_certificate,Alexander Raval,Nitesh Raval,,2005-01-17,,,,,,,OBC,,,,,,,,,,
APP0193,application_form,Alexander Raval,Nitesh Raval,Rajeshri Raval,2005-01-17,,,,,,,OBC,Male,,,,,,,,,
APP0194,10th_marksheet,Bachittar Trivedi,Ansh Trivedi,Urvi Trivedi,2007-05-06,,,2020,86.48%,,,,,,,,,,,,,
APP0194,diploma_marksheet,Bachittar Trivedi,Ansh Trivedi,,,,,2022,63.62%,12th,,,,,,,,,,,,
APP0194,leaving_certificate,Bachittar Trivedi,Ansh Trivedi,,2007-05-06,,,,,,,,,,,,,,,,,
APP0194,cet_scorecard,Bachittar Trivedi,Ansh Trivedi,Urvi Trivedi,2007-05-06,,,,,,,EWS,Male,,68.3%,,,,,,,
APP0194,caste_certificate,Bachittar Trivedi,Ansh Trivedi,,2007-05-06,,,,,,,EWS,,,,,,,,,,
APP0194,application_form,Bachittar Trivedi,Ansh Trivedi,Urvi Trivedi,2007-05-06,,,,,,,EWS,Male,,,,,,,,,
APP0195,10th_marksheet,Aarini Anand,Advay Anand,Mugdha Anand,2006-08-22,,,2018,97.7%,,,,,,,,,,,,,
APP0195,diploma_marksheet,Aarini Anand,Advay Anand,,,,,2021,63.76%,12th,,,,,,,,,,,,
APP0195,leaving_certificate,Aarini Anand,Advay Anand,,2006-08-22,,,,,,,,,,,,,,,,,
APP0195,cet_scorecard,Aarini Anand,Advay Anand,Mugdha Anand,2006-08-22,,,,,,,OPEN,Female,,63.89%,,,,,,,
APP0195,caste_certificate,Aarini Anand,Advay Anand,,2006-08-22,,,,,,,OPEN,,,,,,,,,,
APP0195,application_form,Aarini Anand,Advay Anand,Mugdha Anand,2006-08-22,,,,,,,OPEN,Female,,,,,,,,,
APP0196,10th_marksheet,Jalsa Sanghvi,Michael Sanghvi,Inaya Sanghvi,2005-01-26,,,2018,64.13%,,,,,,,,,,,,,
APP0196,diploma_marksheet,Jalsa Sanghvi,Michael Sanghvi,,,,,2021,64.35%,12th,,,,,,,,,,,,
APP0196,leaving_certificate,Jalsa Sanghvi,Michael Sanghvi,,2005-01-26,,,,,,,,,,,,,,,,,
APP0196,cet_scorecard,Jalsa Sanghvi,Michael Sanghvi,Inaya Sanghvi,2005-01-26,,,,,,,OPEN,Female,,84.17%,,,,,,,
APP0196,caste_certificate,Jalsa Sanghvi,Michael Sanghvi,,2005-01-26,,,,,,,OPEN,,,,,,,,,,
APP0196,application_form,Jalsa Sanghvi,Michael Sanghvi,Inaya Sanghvi,2005-01-26,,,,,,,OPEN,Female,,,,,,,,,
APP0197,10th_marksheet,Elijah Shankar,Om Shankar,Sudiksha Shankar,2007-01-25,,,2019,77.54%,,,,,,,,,,,,,
APP0197,diploma_marksheet,Elijah Shankar,Om Shankar,,,,,2021,56.09%,12th,,,,,,,,,,,,
APP0197,leaving_certificate,Elijah Shankar,Om Shankar,,2007-01-25,,,,,,,,,,,,,,,,,
APP0197,cet_scorecard,Elijah Shankar,Om Shankar,Sudiksha Shankar,2007-01-25,,,,,,,SC/ST,Male,,72.89%,,,,,,,
APP0197,caste_certificate,Elijah Shankar,Om Shankar,,2007-01-25,,,,,,,SC/ST,,,,,,,,,,
APP0197,application_form,Elijah Shankar,Om Shankar,Sudiksha Shankar,2007-01-25,,,,,,,SC/ST,Male,,,,,,,,,
APP0198,10th_marksheet,Anay Raja,Dev Raja,Nikita Raja,2004-09-17,,,2018,72.37%,,,,,,,,,,,,,
APP0198,diploma_marksheet,Anay Raja,Dev Raja,,,,,2020,90.74%,Diploma,,,,,,,,,,,,
APP0198,leaving_certificate,Anay Raja,Dev Raja,,2004-09-17,,,,,,,,,,,,,,,,,
APP0198,cet_scorecard,Anay Raja,Dev Raja,Nikita Raja,2004-09-17,,,,,,,OPEN,Male,,73.23%,,,,,,,
APP0198,caste_certificate,Anay Raja,Dev Raja,,2004-09-17,,,,,,,OPEN,,,,,,,,,,
APP0198,application_form,Anay Raja,Dev Raja,Nikita Raja,2004-09-17,,,,,,,OPEN,Male,,,,,,,,,
APP0199,10th_marksheet,Devansh Srinivasan,Faris Srinivasan,Jyoti Srinivasan,2005-09-21,,,2020,92.65%,,,,,,,,,,,,,
APP0199,diploma_marksheet,Devansh Srinivasan,Faris Srinivasan,,,,,2020,92.8%,12th,,,,,,,,,,,,
APP0199,leaving_certificate,Devansh Srinivasan,Faris Srinivasan,,2005-09-21,,,,,,,,,,,,,,,,,
APP0199,cet_scorecard,Devansh Srinivasan,Faris Srinivasan,Jyoti Srinivasan,2005-09-21,,,,,,,SC/ST,Male,,80.98%,,,,,,,
APP0199,caste_certificate,Devansh Srinivasan,Faris Srinivasan,,2005-09-21,,,,,,,SC/ST,,,,,,,,,,
APP0199,application_form,Devansh Srinivasan,Faris Srinivasan,Jyoti Srinivasan,2005-09-21,,,,,,,SC/ST,Male,,,,,,,,,
APP0200,10th_marksheet,Jagvi Parsa,Devansh Parsa,Nimrat Parsa,2003-07-17,,,2019,86.68%,,,,,,,,,,,,,
APP0200,diploma_marksheet,Jagvi Parsa,Devansh Parsa,,,,,2022,55.93%,12th,,,,,,,,,,,,
APP0200,leaving_certificate,Jagvi Parsa,Devansh Parsa,,2003-07-17,,,,,,,,,,,,,,,,,
APP0200,cet_scorecard,Jagvi Parsa,Devansh Parsa,Nimrat Parsa,2003-07-17,,,,,,,SC/ST,Female,,79.51%,,,,,,,
APP0200,caste_certificate,Jagvi Parsa,Devansh Parsa,,2003-07-17,,,,,,,SC/ST,,,,,,,,,,
APP0200,application_form,Jagvi Parsa,Devansh Parsa,Nimrat Parsa,2003-07-17,,,,,,,SC/ST,Female,,,,,,,,,
APP0201,10th_marksheet,Vasatika Ahuja,Nathaniel Ahuja,Dayamai Ahuja,2007-01-02,,,2020,89.83%,,,,,,,,,,,,,
APP0201,diploma_marksheet,Vasatika Ahuja,Nathaniel Ahuja,,,,,2021,62.48%,12th,,,,,,,,,,,,
APP0201,leaving_certificate,Vasatika Ahuja,Nathaniel Ahuja,,2007-01-02,,,,,,,,,,,,,,,,,
APP0201,cet_scorecard,Vasatika Ahuja,Nathaniel Ahuja,Dayamai Ahuja,2007-01-02,,,,,,,SC/ST,Female,,91.73%,,,,,,,
APP0201,caste_certificate,Vasatika Ahuja,Nathaniel Ahuja,,2007-01-02,,,,,,,SC/ST,,,,,,,,,,
APP0201,application_form,Vasatika Ahuja,Nathaniel Ahuja,Dayamai Ahuja,2007-01-02,,,,,,,SC/ST,Female,,,,,,,,,
APP0202,10th_marksheet,Arunima Mahajan,Caleb Mahajan,Vasana Mahajan,2007-04-05,,,2020,61.2%,,,,,,,,,,,,,
APP0202,diploma_marksheet,Arunima Mahajan,Caleb Mahajan,,,,,2022,56.8%,12th,,,,,,,,,,,,
APP0202,leaving_certificate,Arunima Mahajan,Caleb Mahajan,,2007-04-05,,,,,,,,,,,,,,,,,
APP0202,cet_scorecard,Arunima Mahajan,Caleb Mahajan,Vasana Mahajan,2007-04-05,,,,,,,SC/ST,Female,,65.7%,,,,,,,
APP0202,caste_certificate,Arunima Mahajan,Caleb Mahajan,,2007-04-05,,,,,,,SC/ST,,,,,,,,,,
APP0202,application_form,Arunima Mahajan,Caleb Mahajan,Vasana Mahajan,2007-04-05,,,,,,,SC/ST,Female,,,,,,,,,
APP0203,10th_marksheet,Caleb Varty,Darsh Varty,Varsha Varty,2004-05-08,,,2018,70.21%,,,,,,,,,,,,,
APP0203,diploma_marksheet,Caleb Varty,Darsh Varty,,,,,2022,67.39%,Diploma,,,,,,,,,,,,
APP0203,leaving_certificate,Caleb Varty,Darsh Varty,,2004-05-08,,,,,,,,,,,,,,,,,
APP0203,cet_scorecard,Caleb Varty,Darsh Varty,Varsha Varty,2004-05-08,,,,,,,OPEN,Male,,95.92%,,,,,,,
APP0203,caste_certificate,Caleb Varty,Darsh Varty,,2004-05-08,,,,,,,OPEN,,,,,,,,,,
APP0203,application_form,Caleb Varty,Darsh Varty,Varsha Varty,2004-05-08,,,,,,,OPEN,Male,,,,,,,,,
APP0204,10th_marksheet,Rajeshri Srivastava,Dakshesh Srivastava,Januja Srivastava,2003-11-10,,,2018,61.79%,,,,,,,,,,,,,
APP0204,diploma_marksheet,Rajeshri Srivastava,Dakshesh Srivastava,,,,,2021,71.22%,Diploma,,,,,,,,,,,,
APP0204,leaving_certificate,Rajeshri Srivastava,Dakshesh Srivastava,,2003-11-10,,,,,,,,,,,,,,,,,
APP0204,cet_scorecard,Rajeshri Srivastava,Dakshesh Srivastava,Januja Srivastava,2003-11-10,,,,,,,OBC,Female,,91.12%,,,,,,,
APP0204,caste_certificate,Rajeshri Srivastava,Dakshesh Srivastava,,2003-11-10,,,,,,,OBC,,,,,,,,,,
APP0204,application_form,Rajeshri Srivastava,Dakshesh Srivastava,Januja Srivastava,2003-11-10,,,,,,,OBC,Female,,,,,,,,,
APP0205,10th_marksheet,Upasna Muni,Qadim Muni,Adweta Muni,2007-10-19,,,2019,76.57%,,,,,,,,,,,,,
APP0205,diploma_marksheet,Upasna Muni,Qadim Muni,,,,,2020,57.52%,12th,,,,,,,,,,,,
APP0205,leaving_certificate,Upasna Muni,Qadim Muni,,2007-10-19,,,,,,,,,,,,,,,,,
APP0205,cet_scorecard,Upasna Muni,Qadim Muni,Adweta Muni,2007-10-19,,,,,,,OPEN,Female,,88.17%,,,,,,,
APP0205,caste_certificate,Upasna Muni,Qadim Muni,,2007-10-19,,,,,,,OPEN,,,,,,,,,,
APP0205,application_form,Upasna Muni,Qadim Muni,Adweta Muni,2007-10-19,,,,,,,OPEN,Female,,,,,,,,,
APP0206,10th_marksheet,Neha Sidhu,Oscar Sidhu,Diya Sidhu,2007-10-16,,,2018,74.34%,,,,,,,,,,,,,
APP0206,diploma_marksheet,Neha Sidhu,Oscar Sidhu,,,,,2022,80.85%,12th,,,,,,,,,,,,
APP0206,leaving_certificate,Neha Sidhu,Oscar Sidhu,,2007-10-16,,,,,,,,,,,,,,,,,
APP0206,cet_scorecard,Neha Sidhu,Oscar Sidhu,Diya Sidhu,2007-10-16,,,,,,,OPEN,Female,,63.03%,,,,,,,
APP0206,caste_certificate,Neha Sidhu,Oscar Sidhu,,2007-10-16,,,,,,,OPEN,,,,,,,,,,
APP0206,application_form,Neha Sidhu,Oscar Sidhu,Diya Sidhu,2007-10-16,,,,,,,OPEN,Female,,,,,,,,,
APP0207,10th_marksheet,Rajata Choudhury,Yatan Choudhury,Mohini Choudhury,2002-11-03,,,2020,88.83%,,,,,,,,,,,,,
APP0207,diploma_marksheet,Rajata Choudhury,Yatan Choudhury,,,,,2022,59.27%,12th,,,,,,,,,,,,
APP0207,leaving_certificate,Rajata Choudhury,Yatan Choudhury,,2002-11-03,,,,,,,,,,,,,,,,,
APP0207,cet_scorecard,Rajata Choudhury,Yatan Choudhury,Mohini Choudhury,2002-11-03,,,,,,,OPEN,Female,,90.37%,,,,,,,
APP0207,caste_certificate,Rajata Choudhury,Yatan Choudhury,,2002-11-03,,,,,,,OPEN,,,,,,,,,,
APP0207,application_form,Rajata Choudhury,Yatan Choudhury,Mohini Choudhury,2002-11-03,,,,,,,OPEN,Female,,,,,,,,,
APP0208,10th_marksheet,Baghyawati Kale,Chakradev Kale,Bina Kale,2003-03-27,,,2019,74.89%,,,,,,,,,,,,,
APP0208,diploma_marksheet,Baghyawati Kale,Chakradev Kale,,,,,2021,71.77%,Diploma,,,,,,,,,,,,
APP0208,leaving_certificate,Baghyawati Kale,Chakradev Kale,,2003-03-27,,,,,,,,,,,,,,,,,
APP0208,cet_scorecard,Baghyawati Kale,Chakradev Kale,Bina Kale,2003-03-27,,,,,,,OBC,Female,,73.26%,,,,,,,
APP0208,caste_certificate,Baghyawati Kale,Chakradev Kale,,2003-03-27,,,,,,,OBC,,,,,,,,,,
APP0208,application_form,Baghyawati Kale,Chakradev Kale,Bina Kale,2003-03-27,,,,,,,OBC,Female,,,,,,,,,
APP0209,10th_marksheet,Hemang Bhavsar,Girindra Bhavsar,Sneha Bhavsar,2005-10-11,,,2020,73.2%,,,,,,,,,,,,,
APP0209,diploma_marksheet,Hemang Bhavsar,Girindra Bhavsar,,,,,2021,72.07%,12th,,,,,,,,,,,,
APP0209,leaving_certificate,Hemang Bhavsar,Girindra Bhavsar,,2005-10-11,,,,,,,,,,,,,,,,,
APP0209,cet_scorecard,Hemang Bhavsar,Girindra Bhavsar,Sneha Bhavsar,2005-10-11,,,,,,,EWS,Male,,66.6%,,,,,,,
APP0209,caste_certificate,Hemang Bhavsar,Girindra Bhavsar,,2005-10-11,,,,,,,EWS,,,,,,,,,,
APP0209,application_form,Hemang Bhavsar,Girindra Bhavsar,Sneha Bhavsar,2005-10-11,,,,,,,EWS,Male,,,,,,,,,
APP0210,10th_marksheet,Divya Malhotra,Ekalinga Malhotra,Lila Malhotra,2005-05-14,,,2018,97.85%,,,,,,,,,,,,,
APP0210,diploma_marksheet,Divya Malhotra,Ekalinga Malhotra,,,,,2020,82.31%,12th,,,,,,,,,,,,
APP0210,leaving_certificate,Divya Malhotra,Ekalinga Malhotra,,2005-05-14,,,,,,,,,,,,,,,,,
APP0210,cet_scorecard,Divya Malhotra,Ekalinga Malhotra,Lila Malhotra,2005-05-14,,,,,,,SC/ST,Female,,62.58%,,,,,,,
APP0210,caste_certificate,Divya Malhotra,Ekalinga Malhotra,,2005-05-14,,,,,,,SC/ST,,,,,,,,,,
APP0210,application_form,Divya Malhotra,Ekalinga Malhotra,Lila Malhotra,2005-05-14,,,,,,,SC/ST,Female,,,,,,,,,
APP0211,10th_marksheet,Vincent Butala,Dev Butala,Varenya Butala,2003-06-22,,,2020,79.39%,,,,,,,,,,,,,
APP0211,diploma_marksheet,Vincent Butala,Dev Butala,,,,,2022,57.28%,12th,,,,,,,,,,,,
APP0211,leaving_certificate,Vincent Butala,Dev Butala,,2003-06-22,,,,,,,,,,,,,,,,,
APP0211,cet_scorecard,Vincent Butala,Dev Butala,Varenya Butala,2003-06-22,,,,,,,EWS,Male,,67.34%,,,,,,,
APP0211,caste_certificate,Vincent Butala,Dev Butala,,2003-06-22,,,,,,,EWS,,,,,,,,,,
APP0211,application_form,Vincent Butala,Dev Butala,Varenya Butala,2003-06-22,,,,,,,EWS,Male,,,,,,,,,
APP0212,10th_marksheet,Champak Bassi,Anmol Bassi,Shivani Bassi,2004-03-24,,,2019,87.18%,,,,,,,,,,,,,
APP0212,diploma_marksheet,Champak Bassi,Anmol Bassi,,,,,2022,91.85%,12th,,,,,,,,,,,,
APP0212,leaving_certificate,Champak Bassi,Anmol Bassi,,2004-03-24,,,,,,,,,,,,,,,,,
APP0212,cet_scorecard,Champak Bassi,Anmol Bassi,Shivani Bassi,2004-03-24,,,,,,,OPEN,Male,,75.87%,,,,,,,
APP0212,caste_certificate,Champak Bassi,Anmol Bassi,,2004-03-24,,,,,,,OPEN,,,,,,,,,,
APP0212,application_form,Champak Bassi,Anmol Bassi,Shivani Bassi,2004-03-24,,,,,,,OPEN,Male,,,,,,,,,
APP0213,10th_marksheet,Ishani Bandi,Aditya Bandi,Damyanti Bandi,2005-06-17,,,2020,79.52%,,,,,,,,,,,,,
APP0213,diploma_marksheet,Ishani Bandi,Aditya Bandi,,,,,2022,71.27%,12th,,,,,,,,,,,,
APP0213,leaving_certificate,Ishani Bandi,Aditya Bandi,,2005-06-17,,,,,,,,,,,,,,,,,
APP0213,cet_scorecard,Ishani Bandi,Aditya Bandi,Damyanti Bandi,2005-06-17,,,,,,,OPEN,Female,,74.94%,,,,,,,
APP0213,caste_certificate,Ishani Bandi,Aditya Bandi,,2005-06-17,,,,,,,OPEN,,,,,,,,,,
APP0213,application_form,Ishani Bandi,Aditya Bandi,Damyanti Bandi,2005-06-17,,,,,,,OPEN,Female,,,,,,,,,
APP0214,10th_marksheet,Gopal Mall,Indrajit Mall,Isha Mall,2007-05-30,,,2020,71.51%,,,,,,,,,,,,,
APP0214,diploma_marksheet,Gopal Mall,Indrajit Mall,,,,,2021,74.81%,Diploma,,,,,,,,,,,,
APP0214,leaving_certificate,Gopal Mall,Indrajit Mall,,2007-05-30,,,,,,,,,,,,,,,,,
APP0214,cet_scorecard,Gopal Mall,Indrajit Mall,Isha Mall,2007-05-30,,,,,,,SC/ST,Male,,88.05%,,,,,,,
APP0214,caste_certificate,Gopal Mall,Indrajit Mall,,2007-05-30,,,,,,,SC/ST,,,,,,,,,,
APP0214,application_form,Gopal Mall,Indrajit Mall,Isha Mall,2007-05-30,,,,,,,SC/ST,Male,,,,,,,,,
APP0215,10th_marksheet,Aradhana Chander,Anmol Chander,Yashoda Chander,2006-08-13,,,2020,68.8%,,,,,,,,,,,,,
APP0215,diploma_marksheet,Aradhana Chander,Anmol Chander,,,,,2022,91.39%,Diploma,,,,,,,,,,,,
APP0215,leaving_certificate,Aradhana Chander,Anmol Chander,,2006-08-13,,,,,,,,,,,,,,,,,
APP0215,cet_scorecard,Aradhana Chander,Anmol Chander,Yashoda Chander,2006-08-13,,,,,,,OPEN,Female,,67.5%,,,,,,,
APP0215,caste_certificate,Aradhana Chander,Anmol Chander,,2006-08-13,,,,,,,OPEN,,,,,,,,,,
APP0215,application_form,Aradhana Chander,Anmol Chander,Yashoda Chander,2006-08-13,,,,,,,OPEN,Female,,,,,,,,,
APP0216,10th_marksheet,Charles Thakkar,Yatan Thakkar,Chandani Thakkar,2004-04-14,,,2018,64.49%,,,,,,,,,,,,,
APP0216,diploma_marksheet,Charles Thakkar,Yatan Thakkar,,,,,2021,88.36%,Diploma,,,,,,,,,,,,
APP0216,leaving_certificate,Charles Thakkar,Yatan Thakkar,,2004-04-14,,,,,,,,,,,,,,,,,
APP0216,cet_scorecard,Charles Thakkar,Yatan Thakkar,Chandani Thakkar,2004-04-14,,,,,,,OBC,Male,,76.63%,,,,,,,
APP0216,caste_certificate,Charles Thakkar,Yatan Thakkar,,2004-04-14,,,,,,,OBC,,,,,,,,,,
APP0216,application_form,Charles Thakkar,Yatan Thakkar,Chandani Thakkar,2004-04-14,,,,,,,OBC,Male,,,,,,,,,
APP0217,10th_marksheet,Yutika Banik,Chanakya Banik,Devika Banik,2005-06-02,,,2019,88.5%,,,,,,,,,,,,,
APP0217,diploma_marksheet,Yutika Banik,Chanakya Banik,,,,,2020,72.25%,12th,,,,,,,,,,,,
APP0217,leaving_certificate,Yutika Banik,Chanakya Banik,,2005-06-02,,,,,,,,,,,,,,,,,
APP0217,cet_scorecard,Yutika Banik,Chanakya Banik,Devika Banik,2005-06-02,,,,,,,OPEN,Female,,90.69%,,,,,,,
APP0217,caste_certificate,Yutika Banik,Chanakya Banik,,2005-06-02,,,,,,,OPEN,,,,,,,,,,
APP0217,application_form,Yutika Banik,Chanakya Banik,Devika Banik,2005-06-02,,,,,,,OPEN,Female,,,,,,,,,
APP0218,10th_marksheet,Samar Korpal,Patrick Korpal,Osha Korpal,2007-01-23,,,2020,61.0%,,,,,,,,,,,,,
APP0218,diploma_marksheet,Samar Korpal,Patrick Korpal,,,,,2021,74.61%,12th,,,,,,,,,,,,
APP0218,leaving_certificate,Samar Korpal,Patrick Korpal,,2007-01-23,,,,,,,,,,,,,,,,,
APP0218,cet_scorecard,Samar Korpal,Patrick Korpal,Osha Korpal,2007-01-23,,,,,,,SC/ST,Male,,88.39%,,,,,,,
APP0218,caste_certificate,Samar Korpal,Patrick Korpal,,2007-01-23,,,,,,,SC/ST,,,,,,,,,,
APP0218,application_form,Samar Korpal,Patrick Korpal,Osha Korpal,2007-01-23,,,,,,,SC/ST,Male,,,,,,,,,
APP0219,10th_marksheet,Luke Apte,Vedant Apte,Lekha Apte,2004-07-09,,,2019,90.87%,,,,,,,,,,,,,
APP0219,diploma_marksheet,Luke Apte,Vedant Apte,,,,,2022,76.51%,Diploma,,,,,,,,,,,,
APP0219,leaving_certificate,Luke Apte,Vedant Apte,,2004-07-09,,,,,,,,,,,,,,,,,
APP0219,cet_scorecard,Luke Apte,Vedant Apte,Lekha Apte,2004-07-09,,,,,,,OBC,Male,,67.03%,,,,,,,
APP0219,caste_certificate,Luke Apte,Vedant Apte,,2004-07-09,,,,,,,OBC,,,,,,,,,,
APP0219,application_form,Luke Apte,Vedant Apte,Lekha Apte,2004-07-09,,,,,,,OBC,Male,,,,,,,,,
APP0220,10th_marksheet,Champak Saxena,Hredhaan Saxena,Vaishnavi Saxena,2003-06-02,,,2018,68.34%,,,,,,,,,,,,,
APP0220,diploma_marksheet,Champak Saxena,Hredhaan Saxena,,,,,2022,76.78%,12th,,,,,,,,,,,,
APP0220,leaving_certificate,Champak Saxena,Hredhaan Saxena,,2003-06-02,,,,,,,,,,,,,,,,,
APP0220,cet_scorecard,Champak Saxena,Hredhaan Saxena,Vaishnavi Saxena,2003-06-02,,,,,,,OBC,Male,,78.98%,,,,,,,
APP0220,caste_certificate,Champak Saxena,Hredhaan Saxena,,2003-06-02,,,,,,,OBC,,,,,,,,,,
APP0220,application_form,Champak Saxena,Hredhaan Saxena,Vaishnavi Saxena,2003-06-02,,,,,,,OBC,Male,,,,,,,,,
APP0221,10th_marksheet,Chatresh Sarkar,Kevin Sarkar,Kamala Sarkar,2003-05-13,,,2018,91.11%,,,,,,,,,,,,,
APP0221,diploma_marksheet,Chatresh Sarkar,Kevin Sarkar,,,,,2020,61.79%,Diploma,,,,,,,,,,,,
APP0221,leaving_certificate,Chatresh Sarkar,Kevin Sarkar,,2003-05-13,,,,,,,,,,,,,,,,,
APP0221,cet_scorecard,Chatresh Sarkar,Kevin Sarkar,Kamala Sarkar,2003-05-13,,,,,,,OBC,Male,,61.66%,,,,,,,
APP0221,caste_certificate,Chatresh Sarkar,Kevin Sarkar,,2003-05-13,,,,,,,OBC,,,,,,,,,,
APP0221,application_form,Chatresh Sarkar,Kevin Sarkar,Kamala Sarkar,2003-05-13,,,,,,,OBC,Male,,,,,,,,,
APP0222,10th_marksheet,Zayan Bhattacharyya,Imaran Bhattacharyya,Pushti Bhattacharyya,2007-03-27,,,2018,64.41%,,,,,,,,,,,,,
APP0222,diploma_marksheet,Zayan Bhattacharyya,Imaran Bhattacharyya,,,,,2022,84.2%,Diploma,,,,,,,,,,,,
APP0222,leaving_certificate,Zayan Bhattacharyya,Imaran Bhattacharyya,,2007-03-27,,,,,,,,,,,,,,,,,
APP0222,cet_scorecard,Zayan Bhattacharyya,Imaran Bhattacharyya,Pushti Bhattacharyya,2007-03-27,,,,,,,OBC,Male,,81.29%,,,,,,,
APP0222,caste_certificate,Zayan Bhattacharyya,Imaran Bhattacharyya,,2007-03-27,,,,,,,OBC,,,,,,,,,,
APP0222,application_form,Zayan Bhattacharyya,Imaran Bhattacharyya,Pushti Bhattacharyya,2007-03-27,,,,,,,OBC,Male,,,,,,,,,
APP0223,10th_marksheet,Kritika Nayar,Ryan Nayar,Yashasvi Nayar,2007-10-05,,,2019,70.76%,,,,,,,,,,,,,
APP0223,diploma_marksheet,Kritika Nayar,Ryan Nayar,,,,,2021,68.55%,12th,,,,,,,,,,,,
APP0223,leaving_certificate,Kritika Nayar,Ryan Nayar,,2007-10-05,,,,,,,,,,,,,,,,,
APP0223,cet_scorecard,Kritika Nayar,Ryan Nayar,Yashasvi Nayar,2007-10-05,,,,,,,OPEN,Female,,86.27%,,,,,,,
APP0223,caste_certificate,Kritika Nayar,Ryan Nayar,,2007-10-05,,,,,,,OPEN,,,,,,,,,,
APP0223,application_form,Kritika Nayar,Ryan Nayar,Yashasvi Nayar,2007-10-05,,,,,,,OPEN,Female,,,,,,,,,
APP0224,10th_marksheet,Chakradev Sanghvi,Gunbir Sanghvi,Rajeshri Sanghvi,2004-10-28,,,2020,89.19%,,,,,,,,,,,,,
APP0224,diploma_marksheet,Chakradev Sanghvi,Gunbir Sanghvi,,,,,2021,73.3%,12th,,,,,,,,,,,,
APP0224,leaving_certificate,Chakradev Sanghvi,Gunbir Sanghvi,,2004-10-28,,,,,,,,,,,,,,,,,
APP0224,cet_scorecard,Chakradev Sanghvi,Gunbir Sanghvi,Rajeshri Sanghvi,2004-10-28,,,,,,,OPEN,Male,,63.99%,,,,,,,
APP0224,caste_certificate,Chakradev Sanghvi,Gunbir Sanghvi,,2004-10-28,,,,,,,OPEN,,,,,,,,,,
APP0224,application_form,Chakradev Sanghvi,Gunbir Sanghvi,Rajeshri Sanghvi,2004-10-28,,,,,,,OPEN,Male,,,,,,,,,
APP0225,10th_marksheet,Gaurika Mistry,Pranit Mistry,Adya Mistry,2006-02-04,,,2020,86.9%,,,,,,,,,,,,,
APP0225,diploma_marksheet,Gaurika Mistry,Pranit Mistry,,,,,2021,71.6%,12th,,,,,,,,,,,,
APP0225,leaving_certificate,Gaurika Mistry,Pranit Mistry,,2006-02-04,,,,,,,,,,,,,,,,,
APP0225,cet_scorecard,Gaurika Mistry,Pranit Mistry,Adya Mistry,2006-02-04,,,,,,,OPEN,Female,,88.37%,,,,,,,
APP0225,caste_certificate,Gaurika Mistry,Pranit Mistry,,2006-02-04,,,,,,,OPEN,,,,,,,,,,
APP0225,application_form,Gaurika Mistry,Pranit Mistry,Adya Mistry,2006-02-04,,,,,,,OPEN,Female,,,,,,,,,
APP0226,10th_marksheet,Ria Gulati,Oliver Gulati,Ikshita Gulati,2007-05-31,,,2019,87.33%,,,,,,,,,,,,,
APP0226,diploma_marksheet,Ria Gulati,Oliver Gulati,,,,,2021,69.54%,12th,,,,,,,,,,,,
APP0226,leaving_certificate,Ria Gulati,Oliver Gulati,,2007-05-31,,,,,,,,,,,,,,,,,
APP0226,cet_scorecard,Ria Gulati,Oliver Gulati,Ikshita Gulati,2007-05-31,,,,,,,OBC,Female,,73.46%,,,,,,,
APP0226,caste_certificate,Ria Gulati,Oliver Gulati,,2007-05-31,,,,,,,OBC,,,,,,,,,,
APP0226,application_form,Ria Gulati,Oliver Gulati,Ikshita Gulati,2007-05-31,,,,,,,OBC,Female,,,,,,,,,
APP0227,10th_marksheet,Jeet Sarin,Chakradhar Sarin,Jagrati Sarin,2003-06-24,,,2018,77.36%,,,,,,,,,,,,,
APP0227,diploma_marksheet,Jeet Sarin,Chakradhar Sarin,,,,,2021,63.49%,12th,,,,,,,,,,,,
APP0227,leaving_certificate,Jeet Sarin,Chakradhar Sarin,,2003-06-24,,,,,,,,,,,,,,,,,
APP0227,cet_scorecard,Jeet Sarin,Chakradhar Sarin,Jagrati Sarin,2003-06-24,,,,,,,SC/ST,Male,,96.57%,,,,,,,
APP0227,caste_certificate,Jeet Sarin,Chakradhar Sarin,,2003-06-24,,,,,,,SC/ST,,,,,,,,,,
APP0227,application_form,Jeet Sarin,Chakradhar Sarin,Jagrati Sarin,2003-06-24,,,,,,,SC/ST,Male,,,,,,,,,
APP0228,10th_marksheet,Azad Nori,Dakshesh Nori,Ekaja Nori,2006-09-21,,,2020,71.66%,,,,,,,,,,,,,
APP0228,diploma_marksheet,Azad Nori,Dakshesh Nori,,,,,2022,78.54%,12th,,,,,,,,,,,,
APP0228,leaving_certificate,Azad Nori,Dakshesh Nori,,2006-09-21,,,,,,,,,,,,,,,,,
APP0228,cet_scorecard,Azad Nori,Dakshesh Nori,Ekaja Nori,2006-09-21,,,,,,,OPEN,Male,,77.39%,,,,,,,
APP0228,caste_certificate,Azad Nori,Dakshesh Nori,,2006-09-21,,,,,,,OPEN,,,,,,,,,,
APP0228,application_form,Azad Nori,Dakshesh Nori,Ekaja Nori,2006-09-21,,,,,,,OPEN,Male,,,,,,,,,
APP0229,10th_marksheet,Anita Sanghvi,Veer Sanghvi,Vrishti Sanghvi,2003-06-25,,,2018,61.94%,,,,,,,,,,,,,
APP0229,diploma_marksheet,Anita Sanghvi,Veer Sanghvi,,,,,2022,92.22%,12th,,,,,,,,,,,,
APP0229,leaving_certificate,Anita Sanghvi,Veer Sanghvi,,2003-06-25,,,,,,,,,,,,,,,,,
APP0229,cet_scorecard,Anita Sanghvi,Veer Sanghvi,Vrishti Sanghvi,2003-06-25,,,,,,,OBC,Female,,68.45%,,,,,,,
APP0229,caste_certificate,Anita Sanghvi,Veer Sanghvi,,2003-06-25,,,,,,,OBC,,,,,,,,,,
APP0229,application_form,Anita Sanghvi,Veer Sanghvi,Vrishti Sanghvi,2003-06-25,,,,,,,OBC,Female,,,,,,,,,
APP0230,10th_marksheet,Chakrika Devi,Anay Devi,Hiral Devi,2004-02-13,,,2019,71.14%,,,,,,,,,,,,,
APP0230,diploma_marksheet,Chakrika Devi,Anay Devi,,,,,2021,56.65%,12th,,,,,,,,,,,,
APP0230,leaving_certificate,Chakrika Devi,Anay Devi,,2004-02-13,,,,,,,,,,,,,,,,,
APP0230,cet_scorecard,Chakrika Devi,Anay Devi,Hiral Devi,2004-02-13,,,,,,,OBC,Female,,81.18%,,,,,,,
APP0230,caste_certificate,Chakrika Devi,Anay Devi,,2004-02-13,,,,,,,OBC,,,,,,,,,,
APP0230,application_form,Chakrika Devi,Anay Devi,Hiral Devi,2004-02-13,,,,,,,OBC,Female,,,,,,,,,
APP0231,10th_marksheet,Qarin Kannan,Vedant Kannan,Neha Kannan,2003-10-30,,,2020,80.42%,,,,,,,,,,,,,
APP0231,diploma_marksheet,Qarin Kannan,Vedant Kannan,,,,,2020,91.7%,Diploma,,,,,,,,,,,,
APP0231,leaving_certificate,Qarin Kannan,Vedant Kannan,,2003-10-30,,,,,,,,,,,,,,,,,
APP0231,cet_scorecard,Qarin Kannan,Vedant Kannan,Neha Kannan,2003-10-30,,,,,,,SC/ST,Male,,64.18%,,,,,,,
APP0231,caste_certificate,Qarin Kannan,Vedant Kannan,,2003-10-30,,,,,,,SC/ST,,,,,,,,,,
APP0231,application_form,Qarin Kannan,Vedant Kannan,Neha Kannan,2003-10-30,,,,,,,SC/ST,Male,,,,,,,,,
APP0232,10th_marksheet,Eshana Soni,Bachittar Soni,Krishna Soni,2006-02-27,,,2019,75.36%,,,,,,,,,,,,,
APP0232,diploma_marksheet,Eshana Soni,Bachittar Soni,,,,,2020,55.2%,12th,,,,,,,,,,,,
APP0232,leaving_certificate,Eshana Soni,Bachittar Soni,,2006-02-27,,,,,,,,,,,,,,,,,
APP0232,cet_scorecard,Eshana Soni,Bachittar Soni,Krishna Soni,2006-02-27,,,,,,,SC/ST,Female,,92.3%,,,,,,,
APP0232,caste_certificate,Eshana Soni,Bachittar Soni,,2006-02-27,,,,,,,SC/ST,,,,,,,,,,
APP0232,application_form,Eshana Soni,Bachittar Soni,Krishna Soni,2006-02-27,,,,,,,SC/ST,Female,,,,,,,,,
APP0233,10th_marksheet,Isaac Choudhury,Gagan Choudhury,Aradhana Choudhury,2003-06-17,,,2019,95.95%,,,,,,,,,,,,,
APP0233,diploma_marksheet,Isaac Choudhury,Gagan Choudhury,,,,,2022,68.36%,12th,,,,,,,,,,,,
APP0233,leaving_certificate,Isaac Choudhury,Gagan Choudhury,,2003-06-17,,,,,,,,,,,,,,,,,
APP0233,cet_scorecard,Isaac Choudhury,Gagan Choudhury,Aradhana Choudhury,2003-06-17,,,,,,,OBC,Male,,76.13%,,,,,,,
APP0233,caste_certificate,Isaac Choudhury,Gagan Choudhury,,2003-06-17,,,,,,,OBC,,,,,,,,,,
APP0233,application_form,Isaac Choudhury,Gagan Choudhury,Aradhana Choudhury,2003-06-17,,,,,,,OBC,Male,,,,,,,,,
APP0234,10th_marksheet,Divya Gandhi,Dakshesh Gandhi,Ekiya Gandhi,2005-04-04,,,2018,60.02%,,,,,,,,,,,,,
APP0234,diploma_marksheet,Divya Gandhi,Dakshesh Gandhi,,,,,2021,90.41%,12th,,,,,,,,,,,,
APP0234,leaving_certificate,Divya Gandhi,Dakshesh Gandhi,,2005-04-04,,,,,,,,,,,,,,,,,
APP0234,cet_scorecard,Divya Gandhi,Dakshesh Gandhi,Ekiya Gandhi,2005-04-04,,,,,,,OPEN,Female,,64.48%,,,,,,,
APP0234,caste_certificate,Divya Gandhi,Dakshesh Gandhi,,2005-04-04,,,,,,,OPEN,,,,,,,,,,
APP0234,application_form,Divya Gandhi,Dakshesh Gandhi,Ekiya Gandhi,2005-04-04,,,,,,,OPEN,Female,,,,,,,,,
APP0235,10th_marksheet,Sai Shah,Nitesh Shah,Hiral Shah,2004-08-04,,,2019,91.58%,,,,,,,,,,,,,
APP0235,diploma_marksheet,Sai Shah,Nitesh Shah,,,,,2021,87.34%,Diploma,,,,,,,,,,,,
APP0235,leaving_certificate,Sai Shah,Nitesh Shah,,2004-08-04,,,,,,,,,,,,,,,,,
APP0235,cet_scorecard,Sai Shah,Nitesh Shah,Hiral Shah,2004-08-04,,,,,,,OPEN,Male,,64.24%,,,,,,,
APP0235,caste_certificate,Sai Shah,Nitesh Shah,,2004-08-04,,,,,,,OPEN,,,,,,,,,,
APP0235,application_form,Sai Shah,Nitesh Shah,Hiral Shah,2004-08-04,,,,,,,OPEN,Male,,,,,,,,,
APP0236,10th_marksheet,Harinakshi Choudhry,Gautam Choudhry,Ojasvi Choudhry,2006-12-14,,,2020,94.05%,,,,,,,,,,,,,
APP0236,diploma_marksheet,Harinakshi Choudhry,Gautam Choudhry,,,,,2020,93.52%,12th,,,,,,,,,,,,
APP0236,leaving_certificate,Harinakshi Choudhry,Gautam Choudhry,,2006-12-14,,,,,,,,,,,,,,,,,
APP0236,cet_scorecard,Harinakshi Choudhry,Gautam Choudhry,Ojasvi Choudhry,2006-12-14,,,,,,,OPEN,Female,,90.33%,,,,,,,
APP0236,caste_certificate,Harinakshi Choudhry,Gautam Choudhry,,2006-12-14,,,,,,,OPEN,,,,,,,,,,
APP0236,application_form,Harinakshi Choudhry,Gautam Choudhry,Ojasvi Choudhry,2006-12-14,,,,,,,OPEN,Female,,,,,,,,,
APP0237,10th_marksheet,Theodore Chahal,Anmol Chahal,Mitali Chahal,2002-12-19,,,2020,69.38%,,,,,,,,,,,,,
APP0237,diploma_marksheet,Theodore Chahal,Anmol Chahal,,,,,2021,70.17%,12th,,,,,,,,,,,,
APP0237,leaving_certificate,Theodore Chahal,Anmol Chahal,,2002-12-19,,,,,,,,,,,,,,,,,
APP0237,cet_scorecard,Theodore Chahal,Anmol Chahal,Mitali Chahal,2002-12-19,,,,,,,OPEN,Male,,98.88%,,,,,,,
APP0237,caste_certificate,Theodore Chahal,Anmol Chahal,,2002-12-19,,,,,,,OPEN,,,,,,,,,,
APP0237,application_form,Theodore Chahal,Anmol Chahal,Mitali Chahal,2002-12-19,,,,,,,OPEN,Male,,,,,,,,,
APP0238,10th_marksheet,Akshay Doshi,Lucky Doshi,Urishilla Doshi,2007-02-10,,,2018,60.7%,,,,,,,,,,,,,
APP0238,diploma_marksheet,Akshay Doshi,Lucky Doshi,,,,,2021,66.78%,Diploma,,,,,,,,,,,,
APP0238,leaving_certificate,Akshay Doshi,Lucky Doshi,,2007-02-10,,,,,,,,,,,,,,,,,
APP0238,cet_scorecard,Akshay Doshi,Lucky Doshi,Urishilla Doshi,2007-02-10,,,,,,,OPEN,Male,,60.96%,,,,,,,
APP0238,caste_certificate,Akshay Doshi,Lucky Doshi,,2007-02-10,,,,,,,OPEN,,,,,,,,,,
APP0238,application_form,Akshay Doshi,Lucky Doshi,Urishilla Doshi,2007-02-10,,,,,,,OPEN,Male,,,,,,,,,
APP0239,10th_marksheet,George Mohan,Girik Mohan,Chandani Mohan,2005-08-07,,,2018,64.38%,,,,,,,,,,,,,
APP0239,diploma_marksheet,George Mohan,Girik Mohan,,,,,2021,94.82%,12th,,,,,,,,,,,,
APP0239,leaving_certificate,George Mohan,Girik Mohan,,2005-08-07,,,,,,,,,,,,,,,,,
APP0239,cet_scorecard,George Mohan,Girik Mohan,Chandani Mohan,2005-08-07,,,,,,,OBC,Male,,97.49%,,,,,,,
APP0239,caste_certificate,George Mohan,Girik Mohan,,2005-08-07,,,,,,,OBC,,,,,,,,,,
APP0239,application_form,George Mohan,Girik Mohan,Chandani Mohan,2005-08-07,,,,,,,OBC,Male,,,,,,,,,
APP0240,10th_marksheet,Simon Chander,Devansh Chander,Rachana Chander,2002-11-22,,,2020,91.45%,,,,,,,,,,,,,
APP0240,diploma_marksheet,Simon Chander,Devansh Chander,,,,,2020,91.61%,12th,,,,,,,,,,,,
APP0240,leaving_certificate,Simon Chander,Devansh Chander,,2002-11-22,,,,,,,,,,,,,,,,,
APP0240,cet_scorecard,Simon Chander,Devansh Chander,Rachana Chander,2002-11-22,,,,,,,SC/ST,Male,,99.12%,,,,,,,
APP0240,caste_certificate,Simon Chander,Devansh Chander,,2002-11-22,,,,,,,SC/ST,,,,,,,,,,
APP0240,application_form,Simon Chander,Devansh Chander,Rachana Chander,2002-11-22,,,,,,,SC/ST,Male,,,,,,,,,
APP0241,10th_marksheet,Yash Mitter,Mason Mitter,Manya Mitter,2006-01-02,,,2019,61.32%,,,,,,,,,,,,,
APP0241,diploma_marksheet,Yash Mitter,Mason Mitter,,,,,2022,78.76%,Diploma,,,,,,,,,,,,
APP0241,leaving_certificate,Yash Mitter,Mason Mitter,,2006-01-02,,,,,,,,,,,,,,,,,
APP0241,cet_scorecard,Yash Mitter,Mason Mitter,Manya Mitter,2006-01-02,,,,,,,SC/ST,Male,,68.72%,,,,,,,
APP0241,caste_certificate,Yash Mitter,Mason Mitter,,2006-01-02,,,,,,,SC/ST,,,,,,,,,,
APP0241,application_form,Yash Mitter,Mason Mitter,Manya Mitter,2006-01-02,,,,,,,SC/ST,Male,,,,,,,,,
APP0242,10th_marksheet,Atharv Gill,Ikbal Gill,Lila Gill,2007-05-12,,,2020,60.3%,,,,,,,,,,,,,
APP0242,diploma_marksheet,Atharv Gill,Ikbal Gill,,,,,2020,74.81%,12th,,,,,,,,,,,,
APP0242,leaving_certificate,Atharv Gill,Ikbal Gill,,2007-05-12,,,,,,,,,,,,,,,,,
APP0242,cet_scorecard,Atharv Gill,Ikbal Gill,Lila Gill,2007-05-12,,,,,,,OBC,Male,,91.09%,,,,,,,
APP0242,caste_certificate,Atharv Gill,Ikbal Gill,,2007-05-12,,,,,,,OBC,,,,,,,,,,
APP0242,application_form,Atharv Gill,Ikbal Gill,Lila Gill,2007-05-12,,,,,,,OBC,Male,,,,,,,,,
APP0243,10th_marksheet,Alka Shah,Nathan Shah,Jhalak Shah,2002-12-06,,,2020,66.92%,,,,,,,,,,,,,
APP0243,diploma_marksheet,Alka Shah,Nathan Shah,,,,,2021,80.95%,Diploma,,,,,,,,,,,,
APP0243,leaving_certificate,Alka Shah,Nathan Shah,,2002-12-06,,,,,,,,,,,,,,,,,
APP0243,cet_scorecard,Alka Shah,Nathan Shah,Jhalak Shah,2002-12-06,,,,,,,OPEN,Female,,82.25%,,,,,,,
APP0243,caste_certificate,Alka Shah,Nathan Shah,,2002-12-06,,,,,,,OPEN,,,,,,,,,,
APP0243,application_form,Alka Shah,Nathan Shah,Jhalak Shah,2002-12-06,,,,,,,OPEN,Female,,,,,,,,,
APP0244,10th_marksheet,Balvan Bali,Dakshesh Bali,Arunima Bali,2007-10-30,,,2020,84.05%,,,,,,,,,,,,,
APP0244,diploma_marksheet,Balvan Bali,Dakshesh Bali,,,,,2020,76.67%,12th,,,,,,,,,,,,
APP0244,leaving_certificate,Balvan Bali,Dakshesh Bali,,2007-10-30,,,,,,,,,,,,,,,,,
APP0244,cet_scorecard,Balvan Bali,Dakshesh Bali,Arunima Bali,2007-10-30,,,,,,,SC/ST,Male,,83.18%,,,,,,,
APP0244,caste_certificate,Balvan Bali,Dakshesh Bali,,2007-10-30,,,,,,,SC/ST,,,,,,,,,,
APP0244,application_form,Balvan Bali,Dakshesh Bali,Arunima Bali,2007-10-30,,,,,,,SC/ST,Male,,,,,,,,,
APP0245,10th_marksheet,Hemani Gopal,Gabriel Gopal,Leela Gopal,2006-06-22,,,2019,66.23%,,,,,,,,,,,,,
APP0245,diploma_marksheet,Hemani Gopal,Gabriel Gopal,,,,,2022,65.88%,Diploma,,,,,,,,,,,,
APP0245,leaving_certificate,Hemani Gopal,Gabriel Gopal,,2006-06-22,,,,,,,,,,,,,,,,,
APP0245,cet_scorecard,Hemani Gopal,Gabriel Gopal,Leela Gopal,2006-06-22,,,,,,,OBC,Female,,66.51%,,,,,,,
APP0245,caste_certificate,Hemani Gopal,Gabriel Gopal,,2006-06-22,,,,,,,OBC,,,,,,,,,,
APP0245,application_form,Hemani Gopal,Gabriel Gopal,Leela Gopal,2006-06-22,,,,,,,OBC,Female,,,,,,,,,
APP0246,10th_marksheet,Ansh Prashad,Ranveer Prashad,Nandini Prashad,2007-10-17,,,2018,65.3%,,,,,,,,,,,,,
APP0246,diploma_marksheet,Ansh Prashad,Ranveer Prashad,,,,,2021,71.38%,12th,,,,,,,,,,,,
APP0246,leaving_certificate,Ansh Prashad,Ranveer Prashad,,2007-10-17,,,,,,,,,,,,,,,,,
APP0246,cet_scorecard,Ansh Prashad,Ranveer Prashad,Nandini Prashad,2007-10-17,,,,,,,OPEN,Male,,81.0%,,,,,,,
APP0246,caste_certificate,Ansh Prashad,Ranveer Prashad,,2007-10-17,,,,,,,OPEN,,,,,,,,,,
APP0246,application_form,Ansh Prashad,Ranveer Prashad,Nandini Prashad,2007-10-17,,,,,,,OPEN,Male,,,,,,,,,
APP0247,10th_marksheet,Brijesh Purohit,Darpan Purohit,Watika Purohit,2007-06-27,,,2020,96.25%,,,,,,,,,,,,,
APP0247,diploma_marksheet,Brijesh Purohit,Darpan Purohit,,,,,2021,88.93%,Diploma,,,,,,,,,,,,
APP0247,leaving_certificate,Brijesh Purohit,Darpan Purohit,,2007-06-27,,,,,,,,,,,,,,,,,
APP0247,cet_scorecard,Brijesh Purohit,Darpan Purohit,Watika Purohit,2007-06-27,,,,,,,EWS,Male,,88.3%,,,,,,,
APP0247,caste_certificate,Brijesh Purohit,Darpan Purohit,,2007-06-27,,,,,,,EWS,,,,,,,,,,
APP0247,application_form,Brijesh Purohit,Darpan Purohit,Watika Purohit,2007-06-27,,,,,,,EWS,Male,,,,,,,,,
APP0248,10th_marksheet,Sudiksha Raju,Chatresh Raju,Mahika Raju,2005-01-14,,,2018,76.46%,,,,,,,,,,,,,
APP0248,diploma_marksheet,Sudiksha Raju,Chatresh Raju,,,,,2021,73.16%,12th,,,,,,,,,,,,
APP0248,leaving_certificate,Sudiksha Raju,Chatresh Raju,,2005-01-14,,,,,,,,,,,,,,,,,
APP0248,cet_scorecard,Sudiksha Raju,Chatresh Raju,Mahika Raju,2005-01-14,,,,,,,EWS,Female,,93.43%,,,,,,,
APP0248,caste_certificate,Sudiksha Raju,Chatresh Raju,,2005-01-14,,,,,,,EWS,,,,,,,,,,
APP0248,application_form,Sudiksha Raju,Chatresh Raju,Mahika Raju,2005-01-14,,,,,,,EWS,Female,,,,,,,,,
APP0249,10th_marksheet,Tanveer Bhatt,Hitesh Bhatt,Megha Bhatt,2003-04-07,,,2018,74.03%,,,,,,,,,,,,,
APP0249,diploma_marksheet,Tanveer Bhatt,Hitesh Bhatt,,,,,2021,75.95%,12th,,,,,,,,,,,,
APP0249,leaving_certificate,Tanveer Bhatt,Hitesh Bhatt,,2003-04-07,,,,,,,,,,,,,,,,,
APP0249,cet_scorecard,Tanveer Bhatt,Hitesh Bhatt,Megha Bhatt,2003-04-07,,,,,,,SC/ST,Male,,82.52%,,,,,,,
APP0249,caste_certificate,Tanveer Bhatt,Hitesh Bhatt,,2003-04-07,,,,,,,SC/ST,,,,,,,,,,
APP0249,application_form,Tanveer Bhatt,Hitesh Bhatt,Megha Bhatt,2003-04-07,,,,,,,SC/ST,Male,,,,,,,,,
APP0250,10th_marksheet,Mitesh Khanna,Vihaan Khanna,Arya Khanna,2004-06-19,,,2018,64.3%,,,,,,,,,,,,,
APP0250,diploma_marksheet,Mitesh Khanna,Vihaan Khanna,,,,,2020,87.03%,12th,,,,,,,,,,,,
APP0250,leaving_certificate,Mitesh Khanna,Vihaan Khanna,,2004-06-19,,,,,,,,,,,,,,,,,
APP0250,cet_scorecard,Mitesh Khanna,Vihaan Khanna,Arya Khanna,2004-06-19,,,,,,,OBC,Male,,94.69%,,,,,,,
APP0250,caste_certificate,Mitesh Khanna,Vihaan Khanna,,2004-06-19,,,,,,,OBC,,,,,,,,,,
APP0250,application_form,Mitesh Khanna,Vihaan Khanna,Arya Khanna,2004-06-19,,,,,,,OBC,Male,,,,,,,,,
APP0251,10th_marksheet,Lopa Agate,David Agate,Lopa Agate,2004-01-18,,,2020,97.42%,,,,,,,,,,,,,
APP0251,diploma_marksheet,Lopa Agate,David Agate,,,,,2021,91.77%,12th,,,,,,,,,,,,
APP0251,leaving_certificate,Lopa Agate,David Agate,,2004-01-18,,,,,,,,,,,,,,,,,
APP0251,cet_scorecard,Lopa Agate,David Agate,Lopa Agate,2004-01-18,,,,,,,OBC,Female,,61.7%,,,,,,,
APP0251,caste_certificate,Lopa Agate,David Agate,,2004-01-18,,,,,,,OBC,,,,,,,,,,
APP0251,application_form,Lopa Agate,David Agate,Lopa Agate,2004-01-18,,,,,,,OBC,Female,,,,,,,,,
APP0252,10th_marksheet,Omisha Mani,Chandresh Mani,Keya Mani,2003-10-08,,,2019,67.62%,,,,,,,,,,,,,
APP0252,diploma_marksheet,Omisha Mani,Chandresh Mani,,,,,2021,78.15%,12th,,,,,,,,,,,,
APP0252,leaving_certificate,Omisha Mani,Chandresh Mani,,2003-10-08,,,,,,,,,,,,,,,,,
APP0252,cet_scorecard,Omisha Mani,Chandresh Mani,Keya Mani,2003-10-08,,,,,,,SC/ST,Female,,82.53%,,,,,,,
APP0252,caste_certificate,Omisha Mani,Chandresh Mani,,2003-10-08,,,,,,,SC/ST,,,,,,,,,,
APP0252,application_form,Omisha Mani,Chandresh Mani,Keya Mani,2003-10-08,,,,,,,SC/ST,Female,,,,,,,,,
APP0253,10th_marksheet,Ubika Krish,Tanay Krish,Ladli Krish,2004-12-20,,,2019,84.91%,,,,,,,,,,,,,
APP0253,diploma_marksheet,Ubika Krish,Tanay Krish,,,,,2020,75.4%,Diploma,,,,,,,,,,,,
APP0253,leaving_certificate,Ubika Krish,Tanay Krish,,2004-12-20,,,,,,,,,,,,,,,,,
APP0253,cet_scorecard,Ubika Krish,Tanay Krish,Ladli Krish,2004-12-20,,,,,,,OBC,Female,,92.67%,,,,,,,
APP0253,caste_certificate,Ubika Krish,Tanay Krish,,2004-12-20,,,,,,,OBC,,,,,,,,,,
APP0253,application_form,Ubika Krish,Tanay Krish,Ladli Krish,2004-12-20,,,,,,,OBC,Female,,,,,,,,,
APP0254,10th_marksheet,Garima Devi,Ansh Devi,Ikshita Devi,2006-08-18,,,2019,74.26%,,,,,,,,,,,,,
APP0254,diploma_marksheet,Garima Devi,Ansh Devi,,,,,2020,79.28%,Diploma,,,,,,,,,,,,
APP0254,leaving_certificate,Garima Devi,Ansh Devi,,2006-08-18,,,,,,,,,,,,,,,,,
APP0254,cet_scorecard,Garima Devi,Ansh Devi,Ikshita Devi,2006-08-18,,,,,,,OBC,Female,,69.96%,,,,,,,
APP0254,caste_certificate,Garima Devi,Ansh Devi,,2006-08-18,,,,,,,OBC,,,,,,,,,,
APP0254,application_form,Garima Devi,Ansh Devi,Ikshita Devi,2006-08-18,,,,,,,OBC,Female,,,,,,,,,
APP0255,10th_marksheet,Warda Chawla,Abhiram Chawla,Yachana Chawla,2006-03-06,,,2019,71.87%,,,,,,,,,,,,,
APP0255,diploma_marksheet,Warda Chawla,Abhiram Chawla,,,,,2021,82.18%,Diploma,,,,,,,,,,,,
APP0255,leaving_certificate,Warda Chawla,Abhiram Chawla,,2006-03-06,,,,,,,,,,,,,,,,,
APP0255,cet_scorecard,Warda Chawla,Abhiram Chawla,Yachana Chawla,2006-03-06,,,,,,,EWS,Female,,91.56%,,,,,,,
APP0255,caste_certificate,Warda Chawla,Abhiram Chawla,,2006-03-06,,,,,,,EWS,,,,,,,,,,
APP0255,application_form,Warda Chawla,Abhiram Chawla,Yachana Chawla,2006-03-06,,,,,,,EWS,Female,,,,,,,,,
APP0256,10th_marksheet,Advaith Doshi,Shivansh Doshi,Vasana Doshi,2006-06-13,,,2019,72.99%,,,,,,,,,,,,,
APP0256,diploma_marksheet,Advaith Doshi,Shivansh Doshi,,,,,2020,81.07%,12th,,,,,,,,,,,,
APP0256,leaving_certificate,Advaith Doshi,Shivansh Doshi,,2006-06-13,,,,,,,,,,,,,,,,,
APP0256,cet_scorecard,Advaith Doshi,Shivansh Doshi,Vasana Doshi,2006-06-13,,,,,,,EWS,Male,,76.47%,,,,,,,
APP0256,caste_certificate,Advaith Doshi,Shivansh Doshi,,2006-06-13,,,,,,,EWS,,,,,,,,,,
APP0256,application_form,Advaith Doshi,Shivansh Doshi,Vasana Doshi,2006-06-13,,,,,,,EWS,Male,,,,,,,,,
APP0257,10th_marksheet,Umang Wable,Nakul Wable,Reva Wable,2004-07-20,,,2018,83.36%,,,,,,,,,,,,,
APP0257,diploma_marksheet,Umang Wable,Nakul Wable,,,,,2021,57.56%,Diploma,,,,,,,,,,,,
APP0257,leaving_certificate,Umang Wable,Nakul Wable,,2004-07-20,,,,,,,,,,,,,,,,,
APP0257,cet_scorecard,Umang Wable,Nakul Wable,Reva Wable,2004-07-20,,,,,,,OBC,Male,,78.07%,,,,,,,
APP0257,caste_certificate,Umang Wable,Nakul Wable,,2004-07-20,,,,,,,OBC,,,,,,,,,,
APP0257,application_form,Umang Wable,Nakul Wable,Reva Wable,2004-07-20,,,,,,,OBC,Male,,,,,,,,,
APP0258,10th_marksheet,Ucchal Kohli,Devansh Kohli,Nandini Kohli,2004-10-06,,,2020,61.84%,,,,,,,,,,,,,
APP0258,diploma_marksheet,Ucchal Kohli,Devansh Kohli,,,,,2020,69.51%,12th,,,,,,,,,,,,
APP0258,leaving_certificate,Ucchal Kohli,Devansh Kohli,,2004-10-06,,,,,,,,,,,,,,,,,
APP0258,cet_scorecard,Ucchal Kohli,Devansh Kohli,Nandini Kohli,2004-10-06,,,,,,,SC/ST,Female,,65.51%,,,,,,,
APP0258,caste_certificate,Ucchal Kohli,Devansh Kohli,,2004-10-06,,,,,,,SC/ST,,,,,,,,,,
APP0258,application_form,Ucchal Kohli,Devansh Kohli,Nandini Kohli,2004-10-06,,,,,,,SC/ST,Female,,,,,,,,,
APP0259,10th_marksheet,Azad Boase,Ekavir Boase,Nidra Boase,2007-03-07,,,2018,73.44%,,,,,,,,,,,,,
APP0259,diploma_marksheet,Azad Boase,Ekavir Boase,,,,,2020,86.38%,12th,,,,,,,,,,,,
APP0259,leaving_certificate,Azad Boase,Ekavir Boase,,2007-03-07,,,,,,,,,,,,,,,,,
APP0259,cet_scorecard,Azad Boase,Ekavir Boase,Nidra Boase,2007-03-07,,,,,,,EWS,Male,,70.67%,,,,,,,
APP0259,caste_certificate,Azad Boase,Ekavir Boase,,2007-03-07,,,,,,,EWS,,,,,,,,,,
APP0259,application_form,Azad Boase,Ekavir Boase,Nidra Boase,2007-03-07,,,,,,,EWS,Male,,,,,,,,,
APP0260,10th_marksheet,Bimala Bala,Ranveer Bala,Kamala Bala,2004-01-16,,,2018,80.7%,,,,,,,,,,,,,
APP0260,diploma_marksheet,Bimala Bala,Ranveer Bala,,,,,2021,66.61%,Diploma,,,,,,,,,,,,
APP0260,leaving_certificate,Bimala Bala,Ranveer Bala,,2004-01-16,,,,,,,,,,,,,,,,,
APP0260,cet_scorecard,Bimala Bala,Ranveer Bala,Kamala Bala,2004-01-16,,,,,,,OPEN,Female,,61.55%,,,,,,,
APP0260,caste_certificate,Bimala Bala,Ranveer Bala,,2004-01-16,,,,,,,OPEN,,,,,,,,,,
APP0260,application_form,Bimala Bala,Ranveer Bala,Kamala Bala,2004-01-16,,,,,,,OPEN,Female,,,,,,,,,
APP0261,10th_marksheet,Aditya Kapoor,Luke Kapoor,Advika Kapoor,2004-06-09,,,2020,71.48%,,,,,,,,,,,,,
APP0261,diploma_marksheet,Aditya Kapoor,Luke Kapoor,,,,,2021,76.48%,12th,,,,,,,,,,,,
APP0261,leaving_certificate,Aditya Kapoor,Luke Kapoor,,2004-06-09,,,,,,,,,,,,,,,,,
APP0261,cet_scorecard,Aditya Kapoor,Luke Kapoor,Advika Kapoor,2004-06-09,,,,,,,OPEN,Male,,95.61%,,,,,,,
APP0261,caste_certificate,Aditya Kapoor,Luke Kapoor,,2004-06-09,,,,,,,OPEN,,,,,,,,,,
APP0261,application_form,Aditya Kapoor,Luke Kapoor,Advika Kapoor,2004-06-09,,,,,,,OPEN,Male,,,,,,,,,
APP0262,10th_marksheet,Jeet Bhasin,Neel Bhasin,Anya Bhasin,2003-02-06,,,2020,66.97%,,,,,,,,,,,,,
APP0262,diploma_marksheet,Jeet Bhasin,Neel Bhasin,,,,,2021,82.8%,12th,,,,,,,,,,,,
APP0262,leaving_certificate,Jeet Bhasin,Neel Bhasin,,2003-02-06,,,,,,,,,,,,,,,,,
APP0262,cet_scorecard,Jeet Bhasin,Neel Bhasin,Anya Bhasin,2003-02-06,,,,,,,OPEN,Male,,97.46%,,,,,,,
APP0262,caste_certificate,Jeet Bhasin,Neel Bhasin,,2003-02-06,,,,,,,OPEN,,,,,,,,,,
APP0262,application_form,Jeet Bhasin,Neel Bhasin,Anya Bhasin,2003-02-06,,,,,,,OPEN,Male,,,,,,,,,
APP0263,10th_marksheet,Samar Wali,Joshua Wali,Hema Wali,2007-01-30,,,2020,77.51%,,,,,,,,,,,,,
APP0263,diploma_marksheet,Samar Wali,Joshua Wali,,,,,2020,85.23%,Diploma,,,,,,,,,,,,
APP0263,leaving_certificate,Samar Wali,Joshua Wali,,2007-01-30,,,,,,,,,,,,,,,,,
APP0263,cet_scorecard,Samar Wali,Joshua Wali,Hema Wali,2007-01-30,,,,,,,OPEN,Male,,86.13%,,,,,,,
APP0263,caste_certificate,Samar Wali,Joshua Wali,,2007-01-30,,,,,,,OPEN,,,,,,,,,,
APP0263,application_form,Samar Wali,Joshua Wali,Hema Wali,2007-01-30,,,,,,,OPEN,Male,,,,,,,,,
APP0264,10th_marksheet,Tripti Mody,Dhruv Mody,Siya Mody,2005-07-03,,,2020,71.34%,,,,,,,,,,,,,
APP0264,diploma_marksheet,Tripti Mody,Dhruv Mody,,,,,2022,88.55%,Diploma,,,,,,,,,,,,
APP0264,leaving_certificate,Tripti Mody,Dhruv Mody,,2005-07-03,,,,,,,,,,,,,,,,,
APP0264,cet_scorecard,Tripti Mody,Dhruv Mody,Siya Mody,2005-07-03,,,,,,,EWS,Female,,97.6%,,,,,,,
APP0264,caste_certificate,Tripti Mody,Dhruv Mody,,2005-07-03,,,,,,,EWS,,,,,,,,,,
APP0264,application_form,Tripti Mody,Dhruv Mody,Siya Mody,2005-07-03,,,,,,,EWS,Female,,,,,,,,,
APP0265,10th_marksheet,Anjali Sankaran,Upkaar Sankaran,Wakeeta Sankaran,2004-12-24,,,2018,62.38%,,,,,,,,,,,,,
APP0265,diploma_marksheet,Anjali Sankaran,Upkaar Sankaran,,,,,2021,68.24%,12th,,,,,,,,,,,,
APP0265,leaving_certificate,Anjali Sankaran,Upkaar Sankaran,,2004-12-24,,,,,,,,,,,,,,,,,
APP0265,cet_scorecard,Anjali Sankaran,Upkaar Sankaran,Wakeeta Sankaran,2004-12-24,,,,,,,OPEN,Female,,90.77%,,,,,,,
APP0265,caste_certificate,Anjali Sankaran,Upkaar Sankaran,,2004-12-24,,,,,,,OPEN,,,,,,,,,,
APP0265,application_form,Anjali Sankaran,Upkaar Sankaran,Wakeeta Sankaran,2004-12-24,,,,,,,OPEN,Female,,,,,,,,,
APP0266,10th_marksheet,Megha Dada,Jagat Dada,Falguni Dada,2006-10-26,,,2018,66.12%,,,,,,,,,,,,,
APP0266,diploma_marksheet,Megha Dada,Jagat Dada,,,,,2020,71.04%,12th,,,,,,,,,,,,
APP0266,leaving_certificate,Megha Dada,Jagat Dada,,2006-10-26,,,,,,,,,,,,,,,,,
APP0266,cet_scorecard,Megha Dada,Jagat Dada,Falguni Dada,2006-10-26,,,,,,,SC/ST,Female,,64.63%,,,,,,,
APP0266,caste_certificate,Megha Dada,Jagat Dada,,2006-10-26,,,,,,,SC/ST,,,,,,,,,,
APP0266,application_form,Megha Dada,Jagat Dada,Falguni Dada,2006-10-26,,,,,,,SC/ST,Female,,,,,,,,,
APP0267,10th_marksheet,Qabil Baria,Naveen Baria,Vinaya Baria,2007-06-20,,,2019,81.03%,,,,,,,,,,,,,
APP0267,diploma_marksheet,Qabil Baria,Naveen Baria,,,,,2021,77.55%,Diploma,,,,,,,,,,,,
APP0267,leaving_certificate,Qabil Baria,Naveen Baria,,2007-06-20,,,,,,,,,,,,,,,,,
APP0267,cet_scorecard,Qabil Baria,Naveen Baria,Vinaya Baria,2007-06-20,,,,,,,EWS,Male,,80.56%,,,,,,,
APP0267,caste_certificate,Qabil Baria,Naveen Baria,,2007-06-20,,,,,,,EWS,,,,,,,,,,
APP0267,application_form,Qabil Baria,Naveen Baria,Vinaya Baria,2007-06-20,,,,,,,EWS,Male,,,,,,,,,
APP0268,10th_marksheet,Yuvraj Karnik,Parth Karnik,Upma Karnik,2006-06-10,,,2020,83.69%,,,,,,,,,,,,,
APP0268,diploma_marksheet,Yuvraj Karnik,Parth Karnik,,,,,2021,62.2%,12th,,,,,,,,,,,,
APP0268,leaving_certificate,Yuvraj Karnik,Parth Karnik,,2006-06-10,,,,,,,,,,,,,,,,,
APP0268,cet_scorecard,Yuvraj Karnik,Parth Karnik,Upma Karnik,2006-06-10,,,,,,,OBC,Male,,86.02%,,,,,,,
APP0268,caste_certificate,Yuvraj Karnik,Parth Karnik,,2006-06-10,,,,,,,OBC,,,,,,,,,,
APP0268,application_form,Yuvraj Karnik,Parth Karnik,Upma Karnik,2006-06-10,,,,,,,OBC,Male,,,,,,,,,
APP0269,10th_marksheet,Aishani Borde,Ojas Borde,Zansi Borde,2007-07-31,,,2020,85.63%,,,,,,,,,,,,,
APP0269,diploma_marksheet,Aishani Borde,Ojas Borde,,,,,2020,65.49%,12th,,,,,,,,,,,,
APP0269,leaving_certificate,Aishani Borde,Ojas Borde,,2007-07-31,,,,,,,,,,,,,,,,,
APP0269,cet_scorecard,Aishani Borde,Ojas Borde,Zansi Borde,2007-07-31,,,,,,,OPEN,Female,,86.26%,,,,,,,
APP0269,caste_certificate,Aishani Borde,Ojas Borde,,2007-07-31,,,,,,,OPEN,,,,,,,,,,
APP0269,application_form,Aishani Borde,Ojas Borde,Zansi Borde,2007-07-31,,,,,,,OPEN,Female,,,,,,,,,
APP0270,10th_marksheet,Zehaan Borde,Upkaar Borde,Kala Borde,2004-07-09,,,2020,64.54%,,,,,,,,,,,,,
APP0270,diploma_marksheet,Zehaan Borde,Upkaar Borde,,,,,2022,91.22%,Diploma,,,,,,,,,,,,
APP0270,leaving_certificate,Zehaan Borde,Upkaar Borde,,2004-07-09,,,,,,,,,,,,,,,,,
APP0270,cet_scorecard,Zehaan Borde,Upkaar Borde,Kala Borde,2004-07-09,,,,,,,OBC,Male,,87.48%,,,,,,,
APP0270,caste_certificate,Zehaan Borde,Upkaar Borde,,2004-07-09,,,,,,,OBC,,,,,,,,,,
APP0270,application_form,Zehaan Borde,Upkaar Borde,Kala Borde,2004-07-09,,,,,,,OBC,Male,,,,,,,,,
APP0271,10th_marksheet,Zarna Hans,Laksh Hans,Yahvi Hans,2003-12-25,,,2018,72.12%,,,,,,,,,,,,,
APP0271,diploma_marksheet,Zarna Hans,Laksh Hans,,,,,2020,91.18%,12th,,,,,,,,,,,,
APP0271,leaving_certificate,Zarna Hans,Laksh Hans,,2003-12-25,,,,,,,,,,,,,,,,,
APP0271,cet_scorecard,Zarna Hans,Laksh Hans,Yahvi Hans,2003-12-25,,,,,,,OPEN,Female,,88.61%,,,,,,,
APP0271,caste_certificate,Zarna Hans,Laksh Hans,,2003-12-25,,,,,,,OPEN,,,,,,,,,,
APP0271,application_form,Zarna Hans,Laksh Hans,Yahvi Hans,2003-12-25,,,,,,,OPEN,Female,,,,,,,,,
APP0272,10th_marksheet,Vyanjana Mukherjee,Zayyan Mukherjee,Ekantika Mukherjee,2005-06-02,,,2020,92.55%,,,,,,,,,,,,,
APP0272,diploma_marksheet,Vyanjana Mukherjee,Zayyan Mukherjee,,,,,2022,68.16%,12th,,,,,,,,,,,,
APP0272,leaving_certificate,Vyanjana Mukherjee,Zayyan Mukherjee,,2005-06-02,,,,,,,,,,,,,,,,,
APP0272,cet_scorecard,Vyanjana Mukherjee,Zayyan Mukherjee,Ekantika Mukherjee,2005-06-02,,,,,,,OPEN,Female,,85.25%,,,,,,,
APP0272,caste_certificate,Vyanjana Mukherjee,Zayyan Mukherjee,,2005-06-02,,,,,,,OPEN,,,,,,,,,,
APP0272,application_form,Vyanjana Mukherjee,Zayyan Mukherjee,Ekantika Mukherjee,2005-06-02,,,,,,,OPEN,Female,,,,,,,,,
APP0273,10th_marksheet,Triya Mangal,Gabriel Mangal,Priya Mangal,2007-02-22,,,2018,90.12%,,,,,,,,,,,,,
APP0273,diploma_marksheet,Triya Mangal,Gabriel Mangal,,,,,2022,87.33%,12th,,,,,,,,,,,,
APP0273,leaving_certificate,Triya Mangal,Gabriel Mangal,,2007-02-22,,,,,,,,,,,,,,,,,
APP0273,cet_scorecard,Triya Mangal,Gabriel Mangal,Priya Mangal,2007-02-22,,,,,,,EWS,Female,,70.18%,,,,,,,
APP0273,caste_certificate,Triya Mangal,Gabriel Mangal,,2007-02-22,,,,,,,EWS,,,,,,,,,,
APP0273,application_form,Triya Mangal,Gabriel Mangal,Priya Mangal,2007-02-22,,,,,,,EWS,Female,,,,,,,,,
APP0274,10th_marksheet,Timothy Mahal,Samaksh Mahal,Harita Mahal,2006-02-10,,,2018,64.61%,,,,,,,,,,,,,
APP0274,diploma_marksheet,Timothy Mahal,Samaksh Mahal,,,,,2022,71.04%,12th,,,,,,,,,,,,
APP0274,leaving_certificate,Timothy Mahal,Samaksh Mahal,,2006-02-10,,,,,,,,,,,,,,,,,
APP0274,cet_scorecard,Timothy Mahal,Samaksh Mahal,Harita Mahal,2006-02-10,,,,,,,SC/ST,Male,,91.19%,,,,,,,
APP0274,caste_certificate,Timothy Mahal,Samaksh Mahal,,2006-02-10,,,,,,,SC/ST,,,,,,,,,,
APP0274,application_form,Timothy Mahal,Samaksh Mahal,Harita Mahal,2006-02-10,,,,,,,SC/ST,Male,,,,,,,,,
APP0275,10th_marksheet,Yashodhara Saran,Rohan Saran,Raagini Saran,2004-10-12,,,2019,89.47%,,,,,,,,,,,,,
APP0275,diploma_marksheet,Yashodhara Saran,Rohan Saran,,,,,2020,66.67%,12th,,,,,,,,,,,,
APP0275,leaving_certificate,Yashodhara Saran,Rohan Saran,,2004-10-12,,,,,,,,,,,,,,,,,
APP0275,cet_scorecard,Yashodhara Saran,Rohan Saran,Raagini Saran,2004-10-12,,,,,,,EWS,Female,,87.59%,,,,,,,
APP0275,caste_certificate,Yashodhara Saran,Rohan Saran,,2004-10-12,,,,,,,EWS,,,,,,,,,,
APP0275,application_form,Yashodhara Saran,Rohan Saran,Raagini Saran,2004-10-12,,,,,,,EWS,Female,,,,,,,,,
APP0276,10th_marksheet,Kamya Oza,Udarsh Oza,Kala Oza,2006-10-28,,,2019,88.98%,,,,,,,,,,,,,
APP0276,diploma_marksheet,Kamya Oza,Udarsh Oza,,,,,2021,91.37%,12th,,,,,,,,,,,,
APP0276,leaving_certificate,Kamya Oza,Udarsh Oza,,2006-10-28,,,,,,,,,,,,,,,,,
APP0276,cet_scorecard,Kamya Oza,Udarsh Oza,Kala Oza,2006-10-28,,,,,,,SC/ST,Female,,96.08%,,,,,,,
APP0276,caste_certificate,Kamya Oza,Udarsh Oza,,2006-10-28,,,,,,,SC/ST,,,,,,,,,,
APP0276,application_form,Kamya Oza,Udarsh Oza,Kala Oza,2006-10-28,,,,,,,SC/ST,Female,,,,,,,,,
APP0277,10th_marksheet,Farhan Memon,Orinder Memon,Aachal Memon,2003-02-25,,,2018,79.03%,,,,,,,,,,,,,
APP0277,diploma_marksheet,Farhan Memon,Orinder Memon,,,,,2020,66.77%,12th,,,,,,,,,,,,
APP0277,leaving_certificate,Farhan Memon,Orinder Memon,,2003-02-25,,,,,,,,,,,,,,,,,
APP0277,cet_scorecard,Farhan Memon,Orinder Memon,Aachal Memon,2003-02-25,,,,,,,SC/ST,Male,,91.85%,,,,,,,
APP0277,caste_certificate,Farhan Memon,Orinder Memon,,2003-02-25,,,,,,,SC/ST,,,,,,,,,,
APP0277,application_form,Farhan Memon,Orinder Memon,Aachal Memon,2003-02-25,,,,,,,SC/ST,Male,,,,,,,,,
APP0278,10th_marksheet,Girish Hora,Vivaan Hora,Qushi Hora,2003-08-07,,,2019,69.82%,,,,,,,,,,,,,
APP0278,diploma_marksheet,Girish Hora,Vivaan Hora,,,,,2021,85.46%,12th,,,,,,,,,,,,
APP0278,leaving_certificate,Girish Hora,Vivaan Hora,,2003-08-07,,,,,,,,,,,,,,,,,
APP0278,cet_scorecard,Girish Hora,Vivaan Hora,Qushi Hora,2003-08-07,,,,,,,OPEN,Male,,64.05%,,,,,,,
APP0278,caste_certificate,Girish Hora,Vivaan Hora,,2003-08-07,,,,,,,OPEN,,,,,,,,,,
APP0278,application_form,Girish Hora,Vivaan Hora,Qushi Hora,2003-08-07,,,,,,,OPEN,Male,,,,,,,,,
APP0279,10th_marksheet,Zaid Cheema,Dhruv Cheema,Eiravati Cheema,2005-06-04,,,2018,80.81%,,,,,,,,,,,,,
APP0279,diploma_marksheet,Zaid Cheema,Dhruv Cheema,,,,,2020,55.45%,12th,,,,,,,,,,,,
APP0279,leaving_certificate,Zaid Cheema,Dhruv Cheema,,2005-06-04,,,,,,,,,,,,,,,,,
APP0279,cet_scorecard,Zaid Cheema,Dhruv Cheema,Eiravati Cheema,2005-06-04,,,,,,,OPEN,Male,,91.75%,,,,,,,
APP0279,caste_certificate,Zaid Cheema,Dhruv Cheema,,2005-06-04,,,,,,,OPEN,,,,,,,,,,
APP0279,application_form,Zaid Cheema,Dhruv Cheema,Eiravati Cheema,2005-06-04,,,,,,,OPEN,Male,,,,,,,,,
APP0280,10th_marksheet,Zehaan Hari,Faras Hari,Damini Hari,2004-09-23,,,2019,67.68%,,,,,,,,,,,,,
APP0280,diploma_marksheet,Zehaan Hari,Faras Hari,,,,,2021,68.93%,Diploma,,,,,,,,,,,,
APP0280,leaving_certificate,Zehaan Hari,Faras Hari,,2004-09-23,,,,,,,,,,,,,,,,,
APP0280,cet_scorecard,Zehaan Hari,Faras Hari,Damini Hari,2004-09-23,,,,,,,OPEN,Male,,74.46%,,,,,,,
APP0280,caste_certificate,Zehaan Hari,Faras Hari,,2004-09-23,,,,,,,OPEN,,,,,,,,,,
APP0280,application_form,Zehaan Hari,Faras Hari,Damini Hari,2004-09-23,,,,,,,OPEN,Male,,,,,,,,,
APP0281,10th_marksheet,Girik Sanghvi,Aditya Sanghvi,Januja Sanghvi,2003-07-05,,,2019,66.29%,,,,,,,,,,,,,
APP0281,diploma_marksheet,Girik Sanghvi,Aditya Sanghvi,,,,,2020,93.9%,12th,,,,,,,,,,,,
APP0281,leaving_certificate,Girik Sanghvi,Aditya Sanghvi,,2003-07-05,,,,,,,,,,,,,,,,,
APP0281,cet_scorecard,Girik Sanghvi,Aditya Sanghvi,Januja Sanghvi,2003-07-05,,,,,,,OPEN,Male,,77.85%,,,,,,,
APP0281,caste_certificate,Girik Sanghvi,Aditya Sanghvi,,2003-07-05,,,,,,,OPEN,,,,,,,,,,
APP0281,application_form,Girik Sanghvi,Aditya Sanghvi,Januja Sanghvi,2003-07-05,,,,,,,OPEN,Male,,,,,,,,,
APP0282,10th_marksheet,Qushi Srinivas,Chanakya Srinivas,Zaitra Srinivas,2004-09-24,,,2018,75.56%,,,,,,,,,,,,,
APP0282,diploma_marksheet,Qushi Srinivas,Chanakya Srinivas,,,,,2021,73.91%,12th,,,,,,,,,,,,
APP0282,leaving_certificate,Qushi Srinivas,Chanakya Srinivas,,2004-09-24,,,,,,,,,,,,,,,,,
APP0282,cet_scorecard,Qushi Srinivas,Chanakya Srinivas,Zaitra Srinivas,2004-09-24,,,,,,,OPEN,Female,,76.3%,,,,,,,
APP0282,caste_certificate,Qushi Srinivas,Chanakya Srinivas,,2004-09-24,,,,,,,OPEN,,,,,,,,,,
APP0282,application_form,Qushi Srinivas,Chanakya Srinivas,Zaitra Srinivas,2004-09-24,,,,,,,OPEN,Female,,,,,,,,,
APP0283,10th_marksheet,Timothy Som,Darsh Som,Damyanti Som,2006-01-16,,,2020,87.62%,,,,,,,,,,,,,
APP0283,diploma_marksheet,Timothy Som,Darsh Som,,,,,2022,73.65%,12th,,,,,,,,,,,,
APP0283,leaving_certificate,Timothy Som,Darsh Som,,2006-01-16,,,,,,,,,,,,,,,,,
APP0283,cet_scorecard,Timothy Som,Darsh Som,Damyanti Som,2006-01-16,,,,,,,OBC,Male,,67.26%,,,,,,,
APP0283,caste_certificate,Timothy Som,Darsh Som,,2006-01-16,,,,,,,OBC,,,,,,,,,,
APP0283,application_form,Timothy Som,Darsh Som,Damyanti Som,2006-01-16,,,,,,,OBC,Male,,,,,,,,,
APP0284,10th_marksheet,Aarav Padmanabhan,Manbir Padmanabhan,Anusha Padmanabhan,2007-07-31,,,2020,97.54%,,,,,,,,,,,,,
APP0284,diploma_marksheet,Aarav Padmanabhan,Manbir Padmanabhan,,,,,2021,67.99%,12th,,,,,,,,,,,,
APP0284,leaving_certificate,Aarav Padmanabhan,Manbir Padmanabhan,,2007-07-31,,,,,,,,,,,,,,,,,
APP0284,cet_scorecard,Aarav Padmanabhan,Manbir Padmanabhan,Anusha Padmanabhan,2007-07-31,,,,,,,OPEN,Male,,92.8%,,,,,,,
APP0284,caste_certificate,Aarav Padmanabhan,Manbir Padmanabhan,,2007-07-31,,,,,,,OPEN,,,,,,,,,,
APP0284,application_form,Aarav Padmanabhan,Manbir Padmanabhan,Anusha Padmanabhan,2007-07-31,,,,,,,OPEN,Male,,,,,,,,,
APP0285,10th_marksheet,Raghav Khare,Udant Khare,Zaitra Khare,2006-05-29,,,2020,87.39%,,,,,,,,,,,,,
APP0285,diploma_marksheet,Raghav Khare,Udant Khare,,,,,2021,60.25%,12th,,,,,,,,,,,,
APP0285,leaving_certificate,Raghav Khare,Udant Khare,,2006-05-29,,,,,,,,,,,,,,,,,
APP0285,cet_scorecard,Raghav Khare,Udant Khare,Zaitra Khare,2006-05-29,,,,,,,SC/ST,Male,,82.63%,,,,,,,
APP0285,caste_certificate,Raghav Khare,Udant Khare,,2006-05-29,,,,,,,SC/ST,,,,,,,,,,
APP0285,application_form,Raghav Khare,Udant Khare,Zaitra Khare,2006-05-29,,,,,,,SC/ST,Male,,,,,,,,,
APP0286,10th_marksheet,Qasim Pingle,Hemang Pingle,Ekantika Pingle,2004-01-28,,,2019,66.27%,,,,,,,,,,,,,
APP0286,diploma_marksheet,Qasim Pingle,Hemang Pingle,,,,,2020,64.41%,12th,,,,,,,,,,,,
APP0286,leaving_certificate,Qasim Pingle,Hemang Pingle,,2004-01-28,,,,,,,,,,,,,,,,,
APP0286,cet_scorecard,Qasim Pingle,Hemang Pingle,Ekantika Pingle,2004-01-28,,,,,,,SC/ST,Male,,62.45%,,,,,,,
APP0286,caste_certificate,Qasim Pingle,Hemang Pingle,,2004-01-28,,,,,,,SC/ST,,,,,,,,,,
APP0286,application_form,Qasim Pingle,Hemang Pingle,Ekantika Pingle,2004-01-28,,,,,,,SC/ST,Male,,,,,,,,,
APP0287,10th_marksheet,Quincy Dhillon,Hemang Dhillon,Sanya Dhillon,2005-12-24,,,2018,95.43%,,,,,,,,,,,,,
APP0287,diploma_marksheet,Quincy Dhillon,Hemang Dhillon,,,,,2021,86.78%,Diploma,,,,,,,,,,,,
APP0287,leaving_certificate,Quincy Dhillon,Hemang Dhillon,,2005-12-24,,,,,,,,,,,,,,,,,
APP0287,cet_scorecard,Quincy Dhillon,Hemang Dhillon,Sanya Dhillon,2005-12-24,,,,,,,OBC,Male,,78.62%,,,,,,,
APP0287,caste_certificate,Quincy Dhillon,Hemang Dhillon,,2005-12-24,,,,,,,OBC,,,,,,,,,,
APP0287,application_form,Quincy Dhillon,Hemang Dhillon,Sanya Dhillon,2005-12-24,,,,,,,OBC,Male,,,,,,,,,
APP0288,10th_marksheet,Joshua Sandal,Nitesh Sandal,Tanmayi Sandal,2006-11-26,,,2020,95.15%,,,,,,,,,,,,,
APP0288,diploma_marksheet,Joshua Sandal,Nitesh Sandal,,,,,2021,83.14%,Diploma,,,,,,,,,,,,
APP0288,leaving_certificate,Joshua Sandal,Nitesh Sandal,,2006-11-26,,,,,,,,,,,,,,,,,
APP0288,cet_scorecard,Joshua Sandal,Nitesh Sandal,Tanmayi Sandal,2006-11-26,,,,,,,OPEN,Male,,86.38%,,,,,,,
APP0288,caste_certificate,Joshua Sandal,Nitesh Sandal,,2006-11-26,,,,,,,OPEN,,,,,,,,,,
APP0288,application_form,Joshua Sandal,Nitesh Sandal,Tanmayi Sandal,2006-11-26,,,,,,,OPEN,Male,,,,,,,,,
APP0289,10th_marksheet,Idika Parmar,Hitesh Parmar,Hamsini Parmar,2003-05-21,,,2020,85.04%,,,,,,,,,,,,,
APP0289,diploma_marksheet,Idika Parmar,Hitesh Parmar,,,,,2021,94.62%,12th,,,,,,,,,,,,
APP0289,leaving_certificate,Idika Parmar,Hitesh Parmar,,2003-05-21,,,,,,,,,,,,,,,,,
APP0289,cet_scorecard,Idika Parmar,Hitesh Parmar,Hamsini Parmar,2003-05-21,,,,,,,OPEN,Female,,76.93%,,,,,,,
APP0289,caste_certificate,Idika Parmar,Hitesh Parmar,,2003-05-21,,,,,,,OPEN,,,,,,,,,,
APP0289,application_form,Idika Parmar,Hitesh Parmar,Hamsini Parmar,2003-05-21,,,,,,,OPEN,Female,,,,,,,,,
APP0290,10th_marksheet,Libni Hegde,Teerth Hegde,Hema Hegde,2003-10-10,,,2019,84.35%,,,,,,,,,,,,,
APP0290,diploma_marksheet,Libni Hegde,Teerth Hegde,,,,,2021,69.57%,12th,,,,,,,,,,,,
APP0290,leaving_certificate,Libni Hegde,Teerth Hegde,,2003-10-10,,,,,,,,,,,,,,,,,
APP0290,cet_scorecard,Libni Hegde,Teerth Hegde,Hema Hegde,2003-10-10,,,,,,,OBC,Female,,95.46%,,,,,,,
APP0290,caste_certificate,Libni Hegde,Teerth Hegde,,2003-10-10,,,,,,,OBC,,,,,,,,,,
APP0290,application_form,Libni Hegde,Teerth Hegde,Hema Hegde,2003-10-10,,,,,,,OBC,Female,,,,,,,,,
APP0291,10th_marksheet,Indira Sampath,Nachiket Sampath,Yashica Sampath,2003-05-05,,,2018,97.66%,,,,,,,,,,,,,
APP0291,diploma_marksheet,Indira Sampath,Nachiket Sampath,,,,,2022,84.04%,12th,,,,,,,,,,,,
APP0291,leaving_certificate,Indira Sampath,Nachiket Sampath,,2003-05-05,,,,,,,,,,,,,,,,,
APP0291,cet_scorecard,Indira Sampath,Nachiket Sampath,Yashica Sampath,2003-05-05,,,,,,,OPEN,Female,,89.84%,,,,,,,
APP0291,caste_certificate,Indira Sampath,Nachiket Sampath,,2003-05-05,,,,,,,OPEN,,,,,,,,,,
APP0291,application_form,Indira Sampath,Nachiket Sampath,Yashica Sampath,2003-05-05,,,,,,,OPEN,Female,,,,,,,,,
APP0292,10th_marksheet,Wyatt Bail,Warinder Bail,Mahika Bail,2004-04-22,,,2018,78.4%,,,,,,,,,,,,,
APP0292,diploma_marksheet,Wyatt Bail,Warinder Bail,,,,,2022,55.49%,12th,,,,,,,,,,,,
APP0292,leaving_certificate,Wyatt Bail,Warinder Bail,,2004-04-22,,,,,,,,,,,,,,,,,
APP0292,cet_scorecard,Wyatt Bail,Warinder Bail,Mahika Bail,2004-04-22,,,,,,,OPEN,Male,,77.51%,,,,,,,
APP0292,caste_certificate,Wyatt Bail,Warinder Bail,,2004-04-22,,,,,,,OPEN,,,,,,,,,,
APP0292,application_form,Wyatt Bail,Warinder Bail,Mahika Bail,2004-04-22,,,,,,,OPEN,Male,,,,,,,,,
APP0293,10th_marksheet,Daksh Devan,Owen Devan,Ira Devan,2004-02-12,,,2020,72.64%,,,,,,,,,,,,,
APP0293,diploma_marksheet,Daksh Devan,Owen Devan,,,,,2021,60.49%,Diploma,,,,,,,,,,,,
APP0293,leaving_certificate,Daksh Devan,Owen Devan,,2004-02-12,,,,,,,,,,,,,,,,,
APP0293,cet_scorecard,Daksh Devan,Owen Devan,Ira Devan,2004-02-12,,,,,,,EWS,Male,,68.4%,,,,,,,
APP0293,caste_certificate,Daksh Devan,Owen Devan,,2004-02-12,,,,,,,EWS,,,,,,,,,,
APP0293,application_form,Daksh Devan,Owen Devan,Ira Devan,2004-02-12,,,,,,,EWS,Male,,,,,,,,,
APP0294,10th_marksheet,Ikshita Chaudhry,Wridesh Chaudhry,Kashish Chaudhry,2003-03-05,,,2018,64.62%,,,,,,,,,,,,,
APP0294,diploma_marksheet,Ikshita Chaudhry,Wridesh Chaudhry,,,,,2022,88.22%,12th,,,,,,,,,,,,
APP0294,leaving_certificate,Ikshita Chaudhry,Wridesh Chaudhry,,2003-03-05,,,,,,,,,,,,,,,,,
APP0294,cet_scorecard,Ikshita Chaudhry,Wridesh Chaudhry,Kashish Chaudhry,2003-03-05,,,,,,,OPEN,Female,,74.78%,,,,,,,
APP0294,caste_certificate,Ikshita Chaudhry,Wridesh Chaudhry,,2003-03-05,,,,,,,OPEN,,,,,,,,,,
APP0294,application_form,Ikshita Chaudhry,Wridesh Chaudhry,Kashish Chaudhry,2003-03-05,,,,,,,OPEN,Female,,,,,,,,,
APP0295,10th_marksheet,Nidra Raja,Qadim Raja,Warda Raja,2003-11-02,,,2020,70.25%,,,,,,,,,,,,,
APP0295,diploma_marksheet,Nidra Raja,Qadim Raja,,,,,2021,64.83%,12th,,,,,,,,,,,,
APP0295,leaving_certificate,Nidra Raja,Qadim Raja,,2003-11-02,,,,,,,,,,,,,,,,,
APP0295,cet_scorecard,Nidra Raja,Qadim Raja,Warda Raja,2003-11-02,,,,,,,SC/ST,Female,,72.86%,,,,,,,
APP0295,caste_certificate,Nidra Raja,Qadim Raja,,2003-11-02,,,,,,,SC/ST,,,,,,,,,,
APP0295,application_form,Nidra Raja,Qadim Raja,Warda Raja,2003-11-02,,,,,,,SC/ST,Female,,,,,,,,,
APP0296,10th_marksheet,Tamanna Malhotra,Ayush Malhotra,Siya Malhotra,2004-03-31,,,2018,63.81%,,,,,,,,,,,,,
APP0296,diploma_marksheet,Tamanna Malhotra,Ayush Malhotra,,,,,2021,56.97%,12th,,,,,,,,,,,,
APP0296,leaving_certificate,Tamanna Malhotra,Ayush Malhotra,,2004-03-31,,,,,,,,,,,,,,,,,
APP0296,cet_scorecard,Tamanna Malhotra,Ayush Malhotra,Siya Malhotra,2004-03-31,,,,,,,EWS,Female,,95.92%,,,,,,,
APP0296,caste_certificate,Tamanna Malhotra,Ayush Malhotra,,2004-03-31,,,,,,,EWS,,,,,,,,,,
APP0296,application_form,Tamanna Malhotra,Ayush Malhotra,Siya Malhotra,2004-03-31,,,,,,,EWS,Female,,,,,,,,,
APP0297,10th_marksheet,Ansh Manne,Abdul Manne,Harinakshi Manne,2006-10-20,,,2019,78.4%,,,,,,,,,,,,,
APP0297,diploma_marksheet,Ansh Manne,Abdul Manne,,,,,2022,76.19%,12th,,,,,,,,,,,,
APP0297,leaving_certificate,Ansh Manne,Abdul Manne,,2006-10-20,,,,,,,,,,,,,,,,,
APP0297,cet_scorecard,Ansh Manne,Abdul Manne,Harinakshi Manne,2006-10-20,,,,,,,OBC,Male,,99.27%,,,,,,,
APP0297,caste_certificate,Ansh Manne,Abdul Manne,,2006-10-20,,,,,,,OBC,,,,,,,,,,
APP0297,application_form,Ansh Manne,Abdul Manne,Harinakshi Manne,2006-10-20,,,,,,,OBC,Male,,,,,,,,,
APP0298,10th_marksheet,Amol Vala,Sathvik Vala,Ekiya Vala,2005-11-03,,,2018,96.36%,,,,,,,,,,,,,
APP0298,diploma_marksheet,Amol Vala,Sathvik Vala,,,,,2022,92.27%,12th,,,,,,,,,,,,
APP0298,leaving_certificate,Amol Vala,Sathvik Vala,,2005-11-03,,,,,,,,,,,,,,,,,
APP0298,cet_scorecard,Amol Vala,Sathvik Vala,Ekiya Vala,2005-11-03,,,,,,,SC/ST,Male,,77.11%,,,,,,,
APP0298,caste_certificate,Amol Vala,Sathvik Vala,,2005-11-03,,,,,,,SC/ST,,,,,,,,,,
APP0298,application_form,Amol Vala,Sathvik Vala,Ekiya Vala,2005-11-03,,,,,,,SC/ST,Male,,,,,,,,,
APP0299,10th_marksheet,Hemangini Upadhyay,Simon Upadhyay,Rajata Upadhyay,2004-04-13,,,2019,96.77%,,,,,,,,,,,,,
APP0299,diploma_marksheet,Hemangini Upadhyay,Simon Upadhyay,,,,,2021,58.88%,12th,,,,,,,,,,,,
APP0299,leaving_certificate,Hemangini Upadhyay,Simon Upadhyay,,2004-04-13,,,,,,,,,,,,,,,,,
APP0299,cet_scorecard,Hemangini Upadhyay,Simon Upadhyay,Rajata Upadhyay,2004-04-13,,,,,,,OBC,Female,,93.39%,,,,,,,
APP0299,caste_certificate,Hemangini Upadhyay,Simon Upadhyay,,2004-04-13,,,,,,,OBC,,,,,,,,,,
APP0299,application_form,Hemangini Upadhyay,Simon Upadhyay,Rajata Upadhyay,2004-04-13,,,,,,,OBC,Female,,,,,,,,,
APP0300,10th_marksheet,Abha Barad,Samaksh Barad,Forum Barad,2006-04-30,,,2018,75.46%,,,,,,,,,,,,,
APP0300,diploma_marksheet,Abha Barad,Samaksh Barad,,,,,2021,67.61%,12th,,,,,,,,,,,,
APP0300,leaving_certificate,Abha Barad,Samaksh Barad,,2006-04-30,,,,,,,,,,,,,,,,,
APP0300,cet_scorecard,Abha Barad,Samaksh Barad,Forum Barad,2006-04-30,,,,,,,SC/ST,Female,,91.83%,,,,,,,
APP0300,caste_certificate,Abha Barad,Samaksh Barad,,2006-04-30,,,,,,,SC/ST,,,,,,,,,,
APP0300,application_form,Abha Barad,Samaksh Barad,Forum Barad,2006-04-30,,,,,,,SC/ST,Female,,,,,,,,,
APP0301,10th_marksheet,Yashasvi Narula,Agastya Narula,Eta Narula,2005-10-16,,,2019,91.58%,,,,,,,,,,,,,
APP0301,diploma_marksheet,Yashasvi Narula,Agastya Narula,,,,,2022,88.0%,12th,,,,,,,,,,,,
APP0301,leaving_certificate,Yashasvi Narula,Agastya Narula,,2005-10-16,,,,,,,,,,,,,,,,,
APP0301,cet_scorecard,Yashasvi Narula,Agastya Narula,Eta Narula,2005-10-16,,,,,,,OBC,Female,,83.5%,,,,,,,
APP0301,caste_certificate,Yashasvi Narula,Agastya Narula,,2005-10-16,,,,,,,OBC,,,,,,,,,,
APP0301,application_form,Yashasvi Narula,Agastya Narula,Eta Narula,2005-10-16,,,,,,,OBC,Female,,,,,,,,,
APP0302,10th_marksheet,Elijah Khurana,Qadim Khurana,Bhavya Khurana,2007-07-13,,,2019,73.88%,,,,,,,,,,,,,
APP0302,diploma_marksheet,Elijah Khurana,Qadim Khurana,,,,,2020,57.53%,Diploma,,,,,,,,,,,,
APP0302,leaving_certificate,Elijah Khurana,Qadim Khurana,,2007-07-13,,,,,,,,,,,,,,,,,
APP0302,cet_scorecard,Elijah Khurana,Qadim Khurana,Bhavya Khurana,2007-07-13,,,,,,,EWS,Male,,69.99%,,,,,,,
APP0302,caste_certificate,Elijah Khurana,Qadim Khurana,,2007-07-13,,,,,,,EWS,,,,,,,,,,
APP0302,application_form,Elijah Khurana,Qadim Khurana,Bhavya Khurana,2007-07-13,,,,,,,EWS,Male,,,,,,,,,
APP0303,10th_marksheet,Brinda Minhas,Aryan Minhas,Yashawini Minhas,2003-02-01,,,2020,84.28%,,,,,,,,,,,,,
APP0303,diploma_marksheet,Brinda Minhas,Aryan Minhas,,,,,2021,66.93%,12th,,,,,,,,,,,,
APP0303,leaving_certificate,Brinda Minhas,Aryan Minhas,,2003-02-01,,,,,,,,,,,,,,,,,
APP0303,cet_scorecard,Brinda Minhas,Aryan Minhas,Yashawini Minhas,2003-02-01,,,,,,,OPEN,Female,,79.86%,,,,,,,
APP0303,caste_certificate,Brinda Minhas,Aryan Minhas,,2003-02-01,,,,,,,OPEN,,,,,,,,,,
APP0303,application_form,Brinda Minhas,Aryan Minhas,Yashawini Minhas,2003-02-01,,,,,,,OPEN,Female,,,,,,,,,
APP0304,10th_marksheet,Rishi Dara,Victor Dara,Lavanya Dara,2003-07-24,,,2019,75.82%,,,,,,,,,,,,,
APP0304,diploma_marksheet,Rishi Dara,Victor Dara,,,,,2021,84.12%,Diploma,,,,,,,,,,,,
APP0304,leaving_certificate,Rishi Dara,Victor Dara,,2003-07-24,,,,,,,,,,,,,,,,,
APP0304,cet_scorecard,Rishi Dara,Victor Dara,Lavanya Dara,2003-07-24,,,,,,,OPEN,Male,,67.34%,,,,,,,
APP0304,caste_certificate,Rishi Dara,Victor Dara,,2003-07-24,,,,,,,OPEN,,,,,,,,,,
APP0304,application_form,Rishi Dara,Victor Dara,Lavanya Dara,2003-07-24,,,,,,,OPEN,Male,,,,,,,,,
APP0305,10th_marksheet,Balendra Johal,Pratyush Johal,Kala Johal,2007-05-18,,,2020,92.73%,,,,,,,,,,,,,
APP0305,diploma_marksheet,Balendra Johal,Pratyush Johal,,,,,2021,78.04%,12th,,,,,,,,,,,,
APP0305,leaving_certificate,Balendra Johal,Pratyush Johal,,2007-05-18,,,,,,,,,,,,,,,,,
APP0305,cet_scorecard,Balendra Johal,Pratyush Johal,Kala Johal,2007-05-18,,,,,,,SC/ST,Male,,83.64%,,,,,,,
APP0305,caste_certificate,Balendra Johal,Pratyush Johal,,2007-05-18,,,,,,,SC/ST,,,,,,,,,,
APP0305,application_form,Balendra Johal,Pratyush Johal,Kala Johal,2007-05-18,,,,,,,SC/ST,Male,,,,,,,,,
APP0306,10th_marksheet,Guneet Sarin,Kiaan Sarin,Kavya Sarin,2003-03-15,,,2020,75.24%,,,,,,,,,,,,,
APP0306,diploma_marksheet,Guneet Sarin,Kiaan Sarin,,,,,2022,71.54%,12th,,,,,,,,,,,,
APP0306,leaving_certificate,Guneet Sarin,Kiaan Sarin,,2003-03-15,,,,,,,,,,,,,,,,,
APP0306,cet_scorecard,Guneet Sarin,Kiaan Sarin,Kavya Sarin,2003-03-15,,,,,,,SC/ST,Male,,62.69%,,,,,,,
APP0306,caste_certificate,Guneet Sarin,Kiaan Sarin,,2003-03-15,,,,,,,SC/ST,,,,,,,,,,
APP0306,application_form,Guneet Sarin,Kiaan Sarin,Kavya Sarin,2003-03-15,,,,,,,SC/ST,Male,,,,,,,,,
APP0307,10th_marksheet,Damyanti Solanki,Jatin Solanki,Janaki Solanki,2004-06-30,,,2018,90.4%,,,,,,,,,,,,,
APP0307,diploma_marksheet,Damyanti Solanki,Jatin Solanki,,,,,2020,57.84%,12th,,,,,,,,,,,,
APP0307,leaving_certificate,Damyanti Solanki,Jatin Solanki,,2004-06-30,,,,,,,,,,,,,,,,,
APP0307,cet_scorecard,Damyanti Solanki,Jatin Solanki,Janaki Solanki,2004-06-30,,,,,,,SC/ST,Female,,90.44%,,,,,,,
APP0307,caste_certificate,Damyanti Solanki,Jatin Solanki,,2004-06-30,,,,,,,SC/ST,,,,,,,,,,
APP0307,application_form,Damyanti Solanki,Jatin Solanki,Janaki Solanki,2004-06-30,,,,,,,SC/ST,Female,,,,,,,,,
APP0308,10th_marksheet,Yadavi Ghosh,Abeer Ghosh,Yochana Ghosh,2004-04-08,,,2020,95.76%,,,,,,,,,,,,,
APP0308,diploma_marksheet,Yadavi Ghosh,Abeer Ghosh,,,,,2022,76.76%,12th,,,,,,,,,,,,
APP0308,leaving_certificate,Yadavi Ghosh,Abeer Ghosh,,2004-04-08,,,,,,,,,,,,,,,,,
APP0308,cet_scorecard,Yadavi Ghosh,Abeer Ghosh,Yochana Ghosh,2004-04-08,,,,,,,SC/ST,Female,,84.28%,,,,,,,
APP0308,caste_certificate,Yadavi Ghosh,Abeer Ghosh,,2004-04-08,,,,,,,SC/ST,,,,,,,,,,
APP0308,application_form,Yadavi Ghosh,Abeer Ghosh,Yochana Ghosh,2004-04-08,,,,,,,SC/ST,Female,,,,,,,,,
APP0309,10th_marksheet,Joshua Krishna,Onkar Krishna,Janya Krishna,2007-07-26,,,2018,85.77%,,,,,,,,,,,,,
APP0309,diploma_marksheet,Joshua Krishna,Onkar Krishna,,,,,2022,65.43%,Diploma,,,,,,,,,,,,
APP0309,leaving_certificate,Joshua Krishna,Onkar Krishna,,2007-07-26,,,,,,,,,,,,,,,,,
APP0309,cet_scorecard,Joshua Krishna,Onkar Krishna,Janya Krishna,2007-07-26,,,,,,,OBC,Male,,89.04%,,,,,,,
APP0309,caste_certificate,Joshua Krishna,Onkar Krishna,,2007-07-26,,,,,,,OBC,,,,,,,,,,
APP0309,application_form,Joshua Krishna,Onkar Krishna,Janya Krishna,2007-07-26,,,,,,,OBC,Male,,,,,,,,,
APP0310,10th_marksheet,Aahana Dora,Jacob Dora,Unnati Dora,2007-07-05,,,2018,96.47%,,,,,,,,,,,,,
APP0310,diploma_marksheet,Aahana Dora,Jacob Dora,,,,,2022,80.23%,Diploma,,,,,,,,,,,,
APP0310,leaving_certificate,Aahana Dora,Jacob Dora,,2007-07-05,,,,,,,,,,,,,,,,,
APP0310,cet_scorecard,Aahana Dora,Jacob Dora,Unnati Dora,2007-07-05,,,,,,,SC/ST,Female,,89.28%,,,,,,,
APP0310,caste_certificate,Aahana Dora,Jacob Dora,,2007-07-05,,,,,,,SC/ST,,,,,,,,,,
APP0310,application_form,Aahana Dora,Jacob Dora,Unnati Dora,2007-07-05,,,,,,,SC/ST,Female,,,,,,,,,
APP0311,10th_marksheet,Simon Konda,Gopal Konda,Omisha Konda,2007-06-11,,,2019,88.56%,,,,,,,,,,,,,
APP0311,diploma_marksheet,Simon Konda,Gopal Konda,,,,,2020,67.65%,12th,,,,,,,,,,,,
APP0311,leaving_certificate,Simon Konda,Gopal Konda,,2007-06-11,,,,,,,,,,,,,,,,,
APP0311,cet_scorecard,Simon Konda,Gopal Konda,Omisha Konda,2007-06-11,,,,,,,OPEN,Male,,62.52%,,,,,,,
APP0311,caste_certificate,Simon Konda,Gopal Konda,,2007-06-11,,,,,,,OPEN,,,,,,,,,,
APP0311,application_form,Simon Konda,Gopal Konda,Omisha Konda,2007-06-11,,,,,,,OPEN,Male,,,,,,,,,
APP0312,10th_marksheet,Balhaar Bains,Faqid Bains,Ridhi Bains,2004-12-01,,,2018,97.08%,,,,,,,,,,,,,
APP0312,diploma_marksheet,Balhaar Bains,Faqid Bains,,,,,2021,86.62%,12th,,,,,,,,,,,,
APP0312,leaving_certificate,Balhaar Bains,Faqid Bains,,2004-12-01,,,,,,,,,,,,,,,,,
APP0312,cet_scorecard,Balhaar Bains,Faqid Bains,Ridhi Bains,2004-12-01,,,,,,,OBC,Male,,77.0%,,,,,,,
APP0312,caste_certificate,Balhaar Bains,Faqid Bains,,2004-12-01,,,,,,,OBC,,,,,,,,,,
APP0312,application_form,Balhaar Bains,Faqid Bains,Ridhi Bains,2004-12-01,,,,,,,OBC,Male,,,,,,,,,
APP0313,10th_marksheet,Oliver Dube,Ayaan Dube,Gaurangi Dube,2006-10-08,,,2020,89.92%,,,,,,,,,,,,,
APP0313,diploma_marksheet,Oliver Dube,Ayaan Dube,,,,,2020,77.58%,12th,,,,,,,,,,,,
APP0313,leaving_certificate,Oliver Dube,Ayaan Dube,,2006-10-08,,,,,,,,,,,,,,,,,
APP0313,cet_scorecard,Oliver Dube,Ayaan Dube,Gaurangi Dube,2006-10-08,,,,,,,OPEN,Male,,82.13%,,,,,,,
APP0313,caste_certificate,Oliver Dube,Ayaan Dube,,2006-10-08,,,,,,,OPEN,,,,,,,,,,
APP0313,application_form,Oliver Dube,Ayaan Dube,Gaurangi Dube,2006-10-08,,,,,,,OPEN,Male,,,,,,,,,
APP0314,10th_marksheet,Henry Dhar,Jatin Dhar,Janani Dhar,2005-12-24,,,2020,71.55%,,,,,,,,,,,,,
APP0314,diploma_marksheet,Henry Dhar,Jatin Dhar,,,,,2020,61.4%,12th,,,,,,,,,,,,
APP0314,leaving_certificate,Henry Dhar,Jatin Dhar,,2005-12-24,,,,,,,,,,,,,,,,,
APP0314,cet_scorecard,Henry Dhar,Jatin Dhar,Janani Dhar,2005-12-24,,,,,,,OPEN,Male,,81.94%,,,,,,,
APP0314,caste_certificate,Henry Dhar,Jatin Dhar,,2005-12-24,,,,,,,OPEN,,,,,,,,,,
APP0314,application_form,Henry Dhar,Jatin Dhar,Janani Dhar,2005-12-24,,,,,,,OPEN,Male,,,,,,,,,
APP0315,10th_marksheet,Liam Narang,Udant Narang,Prisha Narang,2007-06-30,,,2019,78.23%,,,,,,,,,,,,,
APP0315,diploma_marksheet,Liam Narang,Udant Narang,,,,,2022,82.56%,12th,,,,,,,,,,,,
APP0315,leaving_certificate,Liam Narang,Udant Narang,,2007-06-30,,,,,,,,,,,,,,,,,
APP0315,cet_scorecard,Liam Narang,Udant Narang,Prisha Narang,2007-06-30,,,,,,,OPEN,Male,,87.42%,,,,,,,
APP0315,caste_certificate,Liam Narang,Udant Narang,,2007-06-30,,,,,,,OPEN,,,,,,,,,,
APP0315,application_form,Liam Narang,Udant Narang,Prisha Narang,2007-06-30,,,,,,,OPEN,Male,,,,,,,,,
APP0316,10th_marksheet,Anvi Banerjee,Jatin Banerjee,Vinaya Banerjee,2003-10-20,,,2019,67.0%,,,,,,,,,,,,,
APP0316,diploma_marksheet,Anvi Banerjee,Jatin Banerjee,,,,,2020,63.44%,Diploma,,,,,,,,,,,,
APP0316,leaving_certificate,Anvi Banerjee,Jatin Banerjee,,2003-10-20,,,,,,,,,,,,,,,,,
APP0316,cet_scorecard,Anvi Banerjee,Jatin Banerjee,Vinaya Banerjee,2003-10-20,,,,,,,OPEN,Female,,84.67%,,,,,,,
APP0316,caste_certificate,Anvi Banerjee,Jatin Banerjee,,2003-10-20,,,,,,,OPEN,,,,,,,,,,
APP0316,application_form,Anvi Banerjee,Jatin Banerjee,Vinaya Banerjee,2003-10-20,,,,,,,OPEN,Female,,,,,,,,,
APP0317,10th_marksheet,Dhruv Pandya,Ekapad Pandya,Eiravati Pandya,2004-08-25,,,2020,92.27%,,,,,,,,,,,,,
APP0317,diploma_marksheet,Dhruv Pandya,Ekapad Pandya,,,,,2021,83.81%,12th,,,,,,,,,,,,
APP0317,leaving_certificate,Dhruv Pandya,Ekapad Pandya,,2004-08-25,,,,,,,,,,,,,,,,,
APP0317,cet_scorecard,Dhruv Pandya,Ekapad Pandya,Eiravati Pandya,2004-08-25,,,,,,,OPEN,Male,,63.57%,,,,,,,
APP0317,caste_certificate,Dhruv Pandya,Ekapad Pandya,,2004-08-25,,,,,,,OPEN,,,,,,,,,,
APP0317,application_form,Dhruv Pandya,Ekapad Pandya,Eiravati Pandya,2004-08-25,,,,,,,OPEN,Male,,,,,,,,,
APP0318,10th_marksheet,Ekantika Jhaveri,Warjas Jhaveri,Nikita Jhaveri,2005-08-11,,,2018,67.72%,,,,,,,,,,,,,
APP0318,diploma_marksheet,Ekantika Jhaveri,Warjas Jhaveri,,,,,2022,67.96%,12th,,,,,,,,,,,,
APP0318,leaving_certificate,Ekantika Jhaveri,Warjas Jhaveri,,2005-08-11,,,,,,,,,,,,,,,,,
APP0318,cet_scorecard,Ekantika Jhaveri,Warjas Jhaveri,Nikita Jhaveri,2005-08-11,,,,,,,OBC,Female,,70.67%,,,,,,,
APP0318,caste_certificate,Ekantika Jhaveri,Warjas Jhaveri,,2005-08-11,,,,,,,OBC,,,,,,,,,,
APP0318,application_form,Ekantika Jhaveri,Warjas Jhaveri,Nikita Jhaveri,2005-08-11,,,,,,,OBC,Female,,,,,,,,,
APP0319,10th_marksheet,Ansh Nath,Mohammed Nath,Garima Nath,2006-03-03,,,2020,68.2%,,,,,,,,,,,,,
APP0319,diploma_marksheet,Ansh Nath,Mohammed Nath,,,,,2020,85.68%,12th,,,,,,,,,,,,
APP0319,leaving_certificate,Ansh Nath,Mohammed Nath,,2006-03-03,,,,,,,,,,,,,,,,,
APP0319,cet_scorecard,Ansh Nath,Mohammed Nath,Garima Nath,2006-03-03,,,,,,,EWS,Male,,84.6%,,,,,,,
APP0319,caste_certificate,Ansh Nath,Mohammed Nath,,2006-03-03,,,,,,,EWS,,,,,,,,,,
APP0319,application_form,Ansh Nath,Mohammed Nath,Garima Nath,2006-03-03,,,,,,,EWS,Male,,,,,,,,,
APP0320,10th_marksheet,Alexander Kala,Charles Kala,Urishilla Kala,2006-03-16,,,2018,77.48%,,,,,,,,,,,,,
APP0320,diploma_marksheet,Alexander Kala,Charles Kala,,,,,2020,75.87%,Diploma,,,,,,,,,,,,
APP0320,leaving_certificate,Alexander Kala,Charles Kala,,2006-03-16,,,,,,,,,,,,,,,,,
APP0320,cet_scorecard,Alexander Kala,Charles Kala,Urishilla Kala,2006-03-16,,,,,,,OPEN,Male,,91.73%,,,,,,,
APP0320,caste_certificate,Alexander Kala,Charles Kala,,2006-03-16,,,,,,,OPEN,,,,,,,,,,
APP0320,application_form,Alexander Kala,Charles Kala,Urishilla Kala,2006-03-16,,,,,,,OPEN,Male,,,,,,,,,
APP0321,10th_marksheet,Tanay Dugar,Ayushman Dugar,Damini Dugar,2006-02-16,,,2018,62.71%,,,,,,,,,,,,,
APP0321,diploma_marksheet,Tanay Dugar,Ayushman Dugar,,,,,2022,79.19%,12th,,,,,,,,,,,,
APP0321,leaving_certificate,Tanay Dugar,Ayushman Dugar,,2006-02-16,,,,,,,,,,,,,,,,,
APP0321,cet_scorecard,Tanay Dugar,Ayushman Dugar,Damini Dugar,2006-02-16,,,,,,,EWS,Male,,79.76%,,,,,,,
APP0321,caste_certificate,Tanay Dugar,Ayushman Dugar,,2006-02-16,,,,,,,EWS,,,,,,,,,,
APP0321,application_form,Tanay Dugar,Ayushman Dugar,Damini Dugar,2006-02-16,,,,,,,EWS,Male,,,,,,,,,
APP0322,10th_marksheet,Liam Barman,Ansh Barman,Zinal Barman,2003-11-21,,,2020,62.96%,,,,,,,,,,,,,
APP0322,diploma_marksheet,Liam Barman,Ansh Barman,,,,,2020,79.31%,12th,,,,,,,,,,,,
APP0322,leaving_certificate,Liam Barman,Ansh Barman,,2003-11-21,,,,,,,,,,,,,,,,,
APP0322,cet_scorecard,Liam Barman,Ansh Barman,Zinal Barman,2003-11-21,,,,,,,OPEN,Male,,90.75%,,,,,,,
APP0322,caste_certificate,Liam Barman,Ansh Barman,,2003-11-21,,,,,,,OPEN,,,,,,,,,,
APP0322,application_form,Liam Barman,Ansh Barman,Zinal Barman,2003-11-21,,,,,,,OPEN,Male,,,,,,,,,
APP0323,10th_marksheet,Warjas Behl,Gautam Behl,Kamya Behl,2006-03-21,,,2020,83.53%,,,,,,,,,,,,,
APP0323,diploma_marksheet,Warjas Behl,Gautam Behl,,,,,2022,65.92%,12th,,,,,,,,,,,,
APP0323,leaving_certificate,Warjas Behl,Gautam Behl,,2006-03-21,,,,,,,,,,,,,,,,,
APP0323,cet_scorecard,Warjas Behl,Gautam Behl,Kamya Behl,2006-03-21,,,,,,,OPEN,Male,,84.87%,,,,,,,
APP0323,caste_certificate,Warjas Behl,Gautam Behl,,2006-03-21,,,,,,,OPEN,,,,,,,,,,
APP0323,application_form,Warjas Behl,Gautam Behl,Kamya Behl,2006-03-21,,,,,,,OPEN,Male,,,,,,,,,
APP0324,10th_marksheet,Gagan Mane,Kiaan Mane,Amaira Mane,2007-04-01,,,2019,86.06%,,,,,,,,,,,,,
APP0324,diploma_marksheet,Gagan Mane,Kiaan Mane,,,,,2022,59.28%,12th,,,,,,,,,,,,
APP0324,leaving_certificate,Gagan Mane,Kiaan Mane,,2007-04-01,,,,,,,,,,,,,,,,,
APP0324,cet_scorecard,Gagan Mane,Kiaan Mane,Amaira Mane,2007-04-01,,,,,,,OPEN,Male,,75.84%,,,,,,,
APP0324,caste_certificate,Gagan Mane,Kiaan Mane,,2007-04-01,,,,,,,OPEN,,,,,,,,,,
APP0324,application_form,Gagan Mane,Kiaan Mane,Amaira Mane,2007-04-01,,,,,,,OPEN,Male,,,,,,,,,
APP0325,10th_marksheet,Balendra Manda,Teerth Manda,Hema Manda,2004-04-06,,,2019,77.69%,,,,,,,,,,,,,
APP0325,diploma_marksheet,Balendra Manda,Teerth Manda,,,,,2022,78.78%,12th,,,,,,,,,,,,
APP0325,leaving_certificate,Balendra Manda,Teerth Manda,,2004-04-06,,,,,,,,,,,,,,,,,
APP0325,cet_scorecard,Balendra Manda,Teerth Manda,Hema Manda,2004-04-06,,,,,,,OPEN,Male,,94.98%,,,,,,,
APP0325,caste_certificate,Balendra Manda,Teerth Manda,,2004-04-06,,,,,,,OPEN,,,,,,,,,,
APP0325,application_form,Balendra Manda,Teerth Manda,Hema Manda,2004-04-06,,,,,,,OPEN,Male,,,,,,,,,
APP0326,10th_marksheet,Suhani Mutti,William Mutti,Ekantika Mutti,2003-07-07,,,2020,76.0%,,,,,,,,,,,,,
APP0326,diploma_marksheet,Suhani Mutti,William Mutti,,,,,2022,78.15%,Diploma,,,,,,,,,,,,
APP0326,leaving_certificate,Suhani Mutti,William Mutti,,2003-07-07,,,,,,,,,,,,,,,,,
APP0326,cet_scorecard,Suhani Mutti,William Mutti,Ekantika Mutti,2003-07-07,,,,,,,OPEN,Female,,90.04%,,,,,,,
APP0326,caste_certificate,Suhani Mutti,William Mutti,,2003-07-07,,,,,,,OPEN,,,,,,,,,,
APP0326,application_form,Suhani Mutti,William Mutti,Ekantika Mutti,2003-07-07,,,,,,,OPEN,Female,,,,,,,,,
APP0327,10th_marksheet,Vrishti Palla,Azaan Palla,Neha Palla,2005-01-21,,,2020,64.37%,,,,,,,,,,,,,
APP0327,diploma_marksheet,Vrishti Palla,Azaan Palla,,,,,2020,72.41%,12th,,,,,,,,,,,,
APP0327,leaving_certificate,Vrishti Palla,Azaan Palla,,2005-01-21,,,,,,,,,,,,,,,,,
APP0327,cet_scorecard,Vrishti Palla,Azaan Palla,Neha Palla,2005-01-21,,,,,,,OPEN,Female,,62.03%,,,,,,,
APP0327,caste_certificate,Vrishti Palla,Azaan Palla,,2005-01-21,,,,,,,OPEN,,,,,,,,,,
APP0327,application_form,Vrishti Palla,Azaan Palla,Neha Palla,2005-01-21,,,,,,,OPEN,Female,,,,,,,,,
APP0328,10th_marksheet,Deepa Madan,Dominic Madan,Hemangini Madan,2006-11-08,,,2018,93.85%,,,,,,,,,,,,,
APP0328,diploma_marksheet,Deepa Madan,Dominic Madan,,,,,2021,93.94%,12th,,,,,,,,,,,,
APP0328,leaving_certificate,Deepa Madan,Dominic Madan,,2006-11-08,,,,,,,,,,,,,,,,,
APP0328,cet_scorecard,Deepa Madan,Dominic Madan,Hemangini Madan,2006-11-08,,,,,,,OPEN,Female,,72.27%,,,,,,,
APP0328,caste_certificate,Deepa Madan,Dominic Madan,,2006-11-08,,,,,,,OPEN,,,,,,,,,,
APP0328,application_form,Deepa Madan,Dominic Madan,Hemangini Madan,2006-11-08,,,,,,,OPEN,Female,,,,,,,,,
APP0329,10th_marksheet,Pratyush Raj,Arin Raj,Prisha Raj,2004-08-09,,,2018,86.63%,,,,,,,,,,,,,
APP0329,diploma_marksheet,Pratyush Raj,Arin Raj,,,,,2020,59.65%,12th,,,,,,,,,,,,
APP0329,leaving_certificate,Pratyush Raj,Arin Raj,,2004-08-09,,,,,,,,,,,,,,,,,
APP0329,cet_scorecard,Pratyush Raj,Arin Raj,Prisha Raj,2004-08-09,,,,,,,OBC,Male,,71.17%,,,,,,,
APP0329,caste_certificate,Pratyush Raj,Arin Raj,,2004-08-09,,,,,,,OBC,,,,,,,,,,
APP0329,application_form,Pratyush Raj,Arin Raj,Prisha Raj,2004-08-09,,,,,,,OBC,Male,,,,,,,,,
APP0330,10th_marksheet,Ayushman Mann,Baljiwan Mann,Ganga Mann,2003-08-31,,,2019,91.2%,,,,,,,,,,,,,
APP0330,diploma_marksheet,Ayushman Mann,Baljiwan Mann,,,,,2022,77.17%,12th,,,,,,,,,,,,
APP0330,leaving_certificate,Ayushman Mann,Baljiwan Mann,,2003-08-31,,,,,,,,,,,,,,,,,
APP0330,cet_scorecard,Ayushman Mann,Baljiwan Mann,Ganga Mann,2003-08-31,,,,,,,SC/ST,Male,,60.83%,,,,,,,
APP0330,caste_certificate,Ayushman Mann,Baljiwan Mann,,2003-08-31,,,,,,,SC/ST,,,,,,,,,,
APP0330,application_form,Ayushman Mann,Baljiwan Mann,Ganga Mann,2003-08-31,,,,,,,SC/ST,Male,,,,,,,,,
APP0331,10th_marksheet,Jairaj Gour,Chatresh Gour,Yamini Gour,2006-04-07,,,2019,76.26%,,,,,,,,,,,,,
APP0331,diploma_marksheet,Jairaj Gour,Chatresh Gour,,,,,2022,55.43%,Diploma,,,,,,,,,,,,
APP0331,leaving_certificate,Jairaj Gour,Chatresh Gour,,2006-04-07,,,,,,,,,,,,,,,,,
APP0331,cet_scorecard,Jairaj Gour,Chatresh Gour,Yamini Gour,2006-04-07,,,,,,,OBC,Male,,83.09%,,,,,,,
APP0331,caste_certificate,Jairaj Gour,Chatresh Gour,,2006-04-07,,,,,,,OBC,,,,,,,,,,
APP0331,application_form,Jairaj Gour,Chatresh Gour,Yamini Gour,2006-04-07,,,,,,,OBC,Male,,,,,,,,,
APP0332,10th_marksheet,Lakshmi Basak,Aadi Basak,Vamakshi Basak,2005-02-05,,,2018,80.52%,,,,,,,,,,,,,
APP0332,diploma_marksheet,Lakshmi Basak,Aadi Basak,,,,,2022,69.63%,12th,,,,,,,,,,,,
APP0332,leaving_certificate,Lakshmi Basak,Aadi Basak,,2005-02-05,,,,,,,,,,,,,,,,,
APP0332,cet_scorecard,Lakshmi Basak,Aadi Basak,Vamakshi Basak,2005-02-05,,,,,,,EWS,Female,,94.01%,,,,,,,
APP0332,caste_certificate,Lakshmi Basak,Aadi Basak,,2005-02-05,,,,,,,EWS,,,,,,,,,,
APP0332,application_form,Lakshmi Basak,Aadi Basak,Vamakshi Basak,2005-02-05,,,,,,,EWS,Female,,,,,,,,,
APP0333,10th_marksheet,Chatura Anne,Peter Anne,Rajata Anne,2007-03-27,,,2018,66.72%,,,,,,,,,,,,,
APP0333,diploma_marksheet,Chatura Anne,Peter Anne,,,,,2022,64.06%,12th,,,,,,,,,,,,
APP0333,leaving_certificate,Chatura Anne,Peter Anne,,2007-03-27,,,,,,,,,,,,,,,,,
APP0333,cet_scorecard,Chatura Anne,Peter Anne,Rajata Anne,2007-03-27,,,,,,,OPEN,Male,,95.78%,,,,,,,
APP0333,caste_certificate,Chatura Anne,Peter Anne,,2007-03-27,,,,,,,OPEN,,,,,,,,,,
APP0333,application_form,Chatura Anne,Peter Anne,Rajata Anne,2007-03-27,,,,,,,OPEN,Male,,,,,,,,,
APP0334,10th_marksheet,Zansi Bhalla,Balveer Bhalla,Maya Bhalla,2004-01-19,,,2018,91.99%,,,,,,,,,,,,,
APP0334,diploma_marksheet,Zansi Bhalla,Balveer Bhalla,,,,,2021,85.11%,12th,,,,,,,,,,,,
APP0334,leaving_certificate,Zansi Bhalla,Balveer Bhalla,,2004-01-19,,,,,,,,,,,,,,,,,
APP0334,cet_scorecard,Zansi Bhalla,Balveer Bhalla,Maya Bhalla,2004-01-19,,,,,,,SC/ST,Female,,74.48%,,,,,,,
APP0334,caste_certificate,Zansi Bhalla,Balveer Bhalla,,2004-01-19,,,,,,,SC/ST,,,,,,,,,,
APP0334,application_form,Zansi Bhalla,Balveer Bhalla,Maya Bhalla,2004-01-19,,,,,,,SC/ST,Female,,,,,,,,,
APP0335,10th_marksheet,Inaya Chad,Pratyush Chad,Yahvi Chad,2007-05-26,,,2020,72.77%,,,,,,,,,,,,,
APP0335,diploma_marksheet,Inaya Chad,Pratyush Chad,,,,,2021,61.61%,Diploma,,,,,,,,,,,,
APP0335,leaving_certificate,Inaya Chad,Pratyush Chad,,2007-05-26,,,,,,,,,,,,,,,,,
APP0335,cet_scorecard,Inaya Chad,Pratyush Chad,Yahvi Chad,2007-05-26,,,,,,,OBC,Female,,73.21%,,,,,,,
APP0335,caste_certificate,Inaya Chad,Pratyush Chad,,2007-05-26,,,,,,,OBC,,,,,,,,,,
APP0335,application_form,Inaya Chad,Pratyush Chad,Yahvi Chad,2007-05-26,,,,,,,OBC,Female,,,,,,,,,
APP0336,10th_marksheet,Devansh Bhargava,Falan Bhargava,Arya Bhargava,2004-02-23,,,2018,66.42%,,,,,,,,,,,,,
APP0336,diploma_marksheet,Devansh Bhargava,Falan Bhargava,,,,,2022,88.24%,12th,,,,,,,,,,,,
APP0336,leaving_certificate,Devansh Bhargava,Falan Bhargava,,2004-02-23,,,,,,,,,,,,,,,,,
APP0336,cet_scorecard,Devansh Bhargava,Falan Bhargava,Arya Bhargava,2004-02-23,,,,,,,OPEN,Male,,80.82%,,,,,,,
APP0336,caste_certificate,Devansh Bhargava,Falan Bhargava,,2004-02-23,,,,,,,OPEN,,,,,,,,,,
APP0336,application_form,Devansh Bhargava,Falan Bhargava,Arya Bhargava,2004-02-23,,,,,,,OPEN,Male,,,,,,,,,
APP0337,10th_marksheet,Waida Verma,Laksh Verma,Kala Verma,2007-10-01,,,2019,79.33%,,,,,,,,,,,,,
APP0337,diploma_marksheet,Waida Verma,Laksh Verma,,,,,2021,60.2%,Diploma,,,,,,,,,,,,
APP0337,leaving_certificate,Waida Verma,Laksh Verma,,2007-10-01,,,,,,,,,,,,,,,,,
APP0337,cet_scorecard,Waida Verma,Laksh Verma,Kala Verma,2007-10-01,,,,,,,OPEN,Female,,62.78%,,,,,,,
APP0337,caste_certificate,Waida Verma,Laksh Verma,,2007-10-01,,,,,,,OPEN,,,,,,,,,,
APP0337,application_form,Waida Verma,Laksh Verma,Kala Verma,2007-10-01,,,,,,,OPEN,Female,,,,,,,,,
APP0338,10th_marksheet,Jatin Kakar,Reyansh Kakar,Anya Kakar,2006-12-25,,,2019,80.0%,,,,,,,,,,,,,
APP0338,diploma_marksheet,Jatin Kakar,Reyansh Kakar,,,,,2021,89.81%,12th,,,,,,,,,,,,
APP0338,leaving_certificate,Jatin Kakar,Reyansh Kakar,,2006-12-25,,,,,,,,,,,,,,,,,
APP0338,cet_scorecard,Jatin Kakar,Reyansh Kakar,Anya Kakar,2006-12-25,,,,,,,OBC,Male,,68.02%,,,,,,,
APP0338,caste_certificate,Jatin Kakar,Reyansh Kakar,,2006-12-25,,,,,,,OBC,,,,,,,,,,
APP0338,application_form,Jatin Kakar,Reyansh Kakar,Anya Kakar,2006-12-25,,,,,,,OBC,Male,,,,,,,,,
APP0339,10th_marksheet,Chatresh Thakur,Atharv Thakur,Vamakshi Thakur,2007-10-29,,,2018,71.72%,,,,,,,,,,,,,
APP0339,diploma_marksheet,Chatresh Thakur,Atharv Thakur,,,,,2021,78.56%,12th,,,,,,,,,,,,
APP0339,leaving_certificate,Chatresh Thakur,Atharv Thakur,,2007-10-29,,,,,,,,,,,,,,,,,
APP0339,cet_scorecard,Chatresh Thakur,Atharv Thakur,Vamakshi Thakur,2007-10-29,,,,,,,SC/ST,Male,,99.82%,,,,,,,
APP0339,caste_certificate,Chatresh Thakur,Atharv Thakur,,2007-10-29,,,,,,,SC/ST,,,,,,,,,,
APP0339,application_form,Chatresh Thakur,Atharv Thakur,Vamakshi Thakur,2007-10-29,,,,,,,SC/ST,Male,,,,,,,,,
APP0340,10th_marksheet,Mugdha Karan,Alexander Karan,Yasti Karan,2003-01-18,,,2018,93.12%,,,,,,,,,,,,,
APP0340,diploma_marksheet,Mugdha Karan,Alexander Karan,,,,,2020,92.56%,12th,,,,,,,,,,,,
APP0340,leaving_certificate,Mugdha Karan,Alexander Karan,,2003-01-18,,,,,,,,,,,,,,,,,
APP0340,cet_scorecard,Mugdha Karan,Alexander Karan,Yasti Karan,2003-01-18,,,,,,,EWS,Female,,60.21%,,,,,,,
APP0340,caste_certificate,Mugdha Karan,Alexander Karan,,2003-01-18,,,,,,,EWS,,,,,,,,,,
APP0340,application_form,Mugdha Karan,Alexander Karan,Yasti Karan,2003-01-18,,,,,,,EWS,Female,,,,,,,,,
APP0341,10th_marksheet,Zilmil Mitter,Ranbir Mitter,Radhika Mitter,2006-11-26,,,2019,62.21%,,,,,,,,,,,,,
APP0341,diploma_marksheet,Zilmil Mitter,Ranbir Mitter,,,,,2020,60.33%,12th,,,,,,,,,,,,
APP0341,leaving_certificate,Zilmil Mitter,Ranbir Mitter,,2006-11-26,,,,,,,,,,,,,,,,,
APP0341,cet_scorecard,Zilmil Mitter,Ranbir Mitter,Radhika Mitter,2006-11-26,,,,,,,EWS,Female,,75.3%,,,,,,,
APP0341,caste_certificate,Zilmil Mitter,Ranbir Mitter,,2006-11-26,,,,,,,EWS,,,,,,,,,,
APP0341,application_form,Zilmil Mitter,Ranbir Mitter,Radhika Mitter,2006-11-26,,,,,,,EWS,Female,,,,,,,,,
APP0342,10th_marksheet,Qushi Singh,Madhav Singh,Vinaya Singh,2002-12-17,,,2018,66.55%,,,,,,,,,,,,,
APP0342,diploma_marksheet,Qushi Singh,Madhav Singh,,,,,2022,79.07%,12th,,,,,,,,,,,,
APP0342,leaving_certificate,Qushi Singh,Madhav Singh,,2002-12-17,,,,,,,,,,,,,,,,,
APP0342,cet_scorecard,Qushi Singh,Madhav Singh,Vinaya Singh,2002-12-17,,,,,,,SC/ST,Female,,96.94%,,,,,,,
APP0342,caste_certificate,Qushi Singh,Madhav Singh,,2002-12-17,,,,,,,SC/ST,,,,,,,,,,
APP0342,application_form,Qushi Singh,Madhav Singh,Vinaya Singh,2002-12-17,,,,,,,SC/ST,Female,,,,,,,,,
APP0343,10th_marksheet,Laksh Pathak,Ishaan Pathak,Suhani Pathak,2005-06-16,,,2019,88.78%,,,,,,,,,,,,,
APP0343,diploma_marksheet,Laksh Pathak,Ishaan Pathak,,,,,2022,69.94%,Diploma,,,,,,,,,,,,
APP0343,leaving_certificate,Laksh Pathak,Ishaan Pathak,,2005-06-16,,,,,,,,,,,,,,,,,
APP0343,cet_scorecard,Laksh Pathak,Ishaan Pathak,Suhani Pathak,2005-06-16,,,,,,,EWS,Male,,72.91%,,,,,,,
APP0343,caste_certificate,Laksh Pathak,Ishaan Pathak,,2005-06-16,,,,,,,EWS,,,,,,,,,,
APP0343,application_form,Laksh Pathak,Ishaan Pathak,Suhani Pathak,2005-06-16,,,,,,,EWS,Male,,,,,,,,,
APP0344,10th_marksheet,Vincent Karan,Krish Karan,Amrita Karan,2007-10-27,,,2020,90.95%,,,,,,,,,,,,,
APP0344,diploma_marksheet,Vincent Karan,Krish Karan,,,,,2022,63.72%,Diploma,,,,,,,,,,,,
APP0344,leaving_certificate,Vincent Karan,Krish Karan,,2007-10-27,,,,,,,,,,,,,,,,,
APP0344,cet_scorecard,Vincent Karan,Krish Karan,Amrita Karan,2007-10-27,,,,,,,SC/ST,Male,,94.07%,,,,,,,
APP0344,caste_certificate,Vincent Karan,Krish Karan,,2007-10-27,,,,,,,SC/ST,,,,,,,,,,
APP0344,application_form,Vincent Karan,Krish Karan,Amrita Karan,2007-10-27,,,,,,,SC/ST,Male,,,,,,,,,
APP0345,10th_marksheet,Rohan Bains,Azad Bains,Kashish Bains,2003-12-14,,,2020,77.21%,,,,,,,,,,,,,
APP0345,diploma_marksheet,Rohan Bains,Azad Bains,,,,,2022,81.93%,Diploma,,,,,,,,,,,,
APP0345,leaving_certificate,Rohan Bains,Azad Bains,,2003-12-14,,,,,,,,,,,,,,,,,
APP0345,cet_scorecard,Rohan Bains,Azad Bains,Kashish Bains,2003-12-14,,,,,,,SC/ST,Male,,67.71%,,,,,,,
APP0345,caste_certificate,Rohan Bains,Azad Bains,,2003-12-14,,,,,,,SC/ST,,,,,,,,,,
APP0345,application_form,Rohan Bains,Azad Bains,Kashish Bains,2003-12-14,,,,,,,SC/ST,Male,,,,,,,,,
APP0346,10th_marksheet,Chameli Gade,Jeet Gade,Rachana Gade,2004-06-22,,,2020,73.23%,,,,,,,,,,,,,
APP0346,diploma_marksheet,Chameli Gade,Jeet Gade,,,,,2021,85.48%,12th,,,,,,,,,,,,
APP0346,leaving_certificate,Chameli Gade,Jeet Gade,,2004-06-22,,,,,,,,,,,,,,,,,
APP0346,cet_scorecard,Chameli Gade,Jeet Gade,Rachana Gade,2004-06-22,,,,,,,SC/ST,Female,,71.93%,,,,,,,
APP0346,caste_certificate,Chameli Gade,Jeet Gade,,2004-06-22,,,,,,,SC/ST,,,,,,,,,,
APP0346,application_form,Chameli Gade,Jeet Gade,Rachana Gade,2004-06-22,,,,,,,SC/ST,Female,,,,,,,,,
APP0347,10th_marksheet,Amaira Arya,Azaan Arya,Vyanjana Arya,2007-08-03,,,2019,68.61%,,,,,,,,,,,,,
APP0347,diploma_marksheet,Amaira Arya,Azaan Arya,,,,,2022,72.2%,12th,,,,,,,,,,,,
APP0347,leaving_certificate,Amaira Arya,Azaan Arya,,2007-08-03,,,,,,,,,,,,,,,,,
APP0347,cet_scorecard,Amaira Arya,Azaan Arya,Vyanjana Arya,2007-08-03,,,,,,,OPEN,Female,,62.43%,,,,,,,
APP0347,caste_certificate,Amaira Arya,Azaan Arya,,2007-08-03,,,,,,,OPEN,,,,,,,,,,
APP0347,application_form,Amaira Arya,Azaan Arya,Vyanjana Arya,2007-08-03,,,,,,,OPEN,Female,,,,,,,,,
APP0348,10th_marksheet,Leela Taneja,Zehaan Taneja,Ucchal Taneja,2006-02-21,,,2019,91.81%,,,,,,,,,,,,,
APP0348,diploma_marksheet,Leela Taneja,Zehaan Taneja,,,,,2020,91.86%,12th,,,,,,,,,,,,
APP0348,leaving_certificate,Leela Taneja,Zehaan Taneja,,2006-02-21,,,,,,,,,,,,,,,,,
APP0348,cet_scorecard,Leela Taneja,Zehaan Taneja,Ucchal Taneja,2006-02-21,,,,,,,OBC,Female,,82.28%,,,,,,,
APP0348,caste_certificate,Leela Taneja,Zehaan Taneja,,2006-02-21,,,,,,,OBC,,,,,,,,,,
APP0348,application_form,Leela Taneja,Zehaan Taneja,Ucchal Taneja,2006-02-21,,,,,,,OBC,Female,,,,,,,,,
APP0349,10th_marksheet,Advika Loke,Rudra Loke,Bhavini Loke,2003-01-03,,,2018,95.74%,,,,,,,,,,,,,
APP0349,diploma_marksheet,Advika Loke,Rudra Loke,,,,,2021,59.26%,Diploma,,,,,,,,,,,,
APP0349,leaving_certificate,Advika Loke,Rudra Loke,,2003-01-03,,,,,,,,,,,,,,,,,
APP0349,cet_scorecard,Advika Loke,Rudra Loke,Bhavini Loke,2003-01-03,,,,,,,OPEN,Female,,91.02%,,,,,,,
APP0349,caste_certificate,Advika Loke,Rudra Loke,,2003-01-03,,,,,,,OPEN,,,,,,,,,,
APP0349,application_form,Advika Loke,Rudra Loke,Bhavini Loke,2003-01-03,,,,,,,OPEN,Female,,,,,,,,,
APP0350,10th_marksheet,Rushil Desai,Abeer Desai,Jhalak Desai,2004-02-22,,,2018,77.21%,,,,,,,,,,,,,
APP0350,diploma_marksheet,Rushil Desai,Abeer Desai,,,,,2021,71.14%,12th,,,,,,,,,,,,
APP0350,leaving_certificate,Rushil Desai,Abeer Desai,,2004-02-22,,,,,,,,,,,,,,,,,
APP0350,cet_scorecard,Rushil Desai,Abeer Desai,Jhalak Desai,2004-02-22,,,,,,,OBC,Male,,73.08%,,,,,,,
APP0350,caste_certificate,Rushil Desai,Abeer Desai,,2004-02-22,,,,,,,OBC,,,,,,,,,,
APP0350,application_form,Rushil Desai,Abeer Desai,Jhalak Desai,2004-02-22,,,,,,,OBC,Male,,,,,,,,,
APP0351,10th_marksheet,Pranit Mand,Onveer Mand,Lila Mand,2003-05-14,,,2020,72.93%,,,,,,,,,,,,,
APP0351,diploma_marksheet,Pranit Mand,Onveer Mand,,,,,2021,68.66%,Diploma,,,,,,,,,,,,
APP0351,leaving_certificate,Pranit Mand,Onveer Mand,,2003-05-14,,,,,,,,,,,,,,,,,
APP0351,cet_scorecard,Pranit Mand,Onveer Mand,Lila Mand,2003-05-14,,,,,,,OPEN,Male,,81.31%,,,,,,,
APP0351,caste_certificate,Pranit Mand,Onveer Mand,,2003-05-14,,,,,,,OPEN,,,,,,,,,,
APP0351,application_form,Pranit Mand,Onveer Mand,Lila Mand,2003-05-14,,,,,,,OPEN,Male,,,,,,,,,
APP0352,10th_marksheet,Hemangini Ravi,Wriddhish Ravi,Mahika Ravi,2005-12-20,,,2018,69.13%,,,,,,,,,,,,,
APP0352,diploma_marksheet,Hemangini Ravi,Wriddhish Ravi,,,,,2021,74.22%,Diploma,,,,,,,,,,,,
APP0352,leaving_certificate,Hemangini Ravi,Wriddhish Ravi,,2005-12-20,,,,,,,,,,,,,,,,,
APP0352,cet_scorecard,Hemangini Ravi,Wriddhish Ravi,Mahika Ravi,2005-12-20,,,,,,,OPEN,Female,,69.22%,,,,,,,
APP0352,caste_certificate,Hemangini Ravi,Wriddhish Ravi,,2005-12-20,,,,,,,OPEN,,,,,,,,,,
APP0352,application_form,Hemangini Ravi,Wriddhish Ravi,Mahika Ravi,2005-12-20,,,,,,,OPEN,Female,,,,,,,,,
APP0353,10th_marksheet,Omisha Chadha,Jagat Chadha,Waida Chadha,2003-05-17,,,2018,70.45%,,,,,,,,,,,,,
APP0353,diploma_marksheet,Omisha Chadha,Jagat Chadha,,,,,2020,78.39%,12th,,,,,,,,,,,,
APP0353,leaving_certificate,Omisha Chadha,Jagat Chadha,,2003-05-17,,,,,,,,,,,,,,,,,
APP0353,cet_scorecard,Omisha Chadha,Jagat Chadha,Waida Chadha,2003-05-17,,,,,,,OPEN,Female,,79.59%,,,,,,,
APP0353,caste_certificate,Omisha Chadha,Jagat Chadha,,2003-05-17,,,,,,,OPEN,,,,,,,,,,
APP0353,application_form,Omisha Chadha,Jagat Chadha,Waida Chadha,2003-05-17,,,,,,,OPEN,Female,,,,,,,,,
APP0354,10th_marksheet,Warinder Swamy,Chakradhar Swamy,Yasti Swamy,2006-01-04,,,2019,89.74%,,,,,,,,,,,,,
APP0354,diploma_marksheet,Warinder Swamy,Chakradhar Swamy,,,,,2022,69.41%,12th,,,,,,,,,,,,
APP0354,leaving_certificate,Warinder Swamy,Chakradhar Swamy,,2006-01-04,,,,,,,,,,,,,,,,,
APP0354,cet_scorecard,Warinder Swamy,Chakradhar Swamy,Yasti Swamy,2006-01-04,,,,,,,OPEN,Male,,63.92%,,,,,,,
APP0354,caste_certificate,Warinder Swamy,Chakradhar Swamy,,2006-01-04,,,,,,,OPEN,,,,,,,,,,
APP0354,application_form,Warinder Swamy,Chakradhar Swamy,Yasti Swamy,2006-01-04,,,,,,,OPEN,Male,,,,,,,,,
APP0355,10th_marksheet,Urmi Pai,Mason Pai,Urvashi Pai,2003-04-29,,,2019,67.7%,,,,,,,,,,,,,
APP0355,diploma_marksheet,Urmi Pai,Mason Pai,,,,,2021,69.72%,Diploma,,,,,,,,,,,,
APP0355,leaving_certificate,Urmi Pai,Mason Pai,,2003-04-29,,,,,,,,,,,,,,,,,
APP0355,cet_scorecard,Urmi Pai,Mason Pai,Urvashi Pai,2003-04-29,,,,,,,OPEN,Female,,66.26%,,,,,,,
APP0355,caste_certificate,Urmi Pai,Mason Pai,,2003-04-29,,,,,,,OPEN,,,,,,,,,,
APP0355,application_form,Urmi Pai,Mason Pai,Urvashi Pai,2003-04-29,,,,,,,OPEN,Female,,,,,,,,,
APP0356,10th_marksheet,Ekavir Hans,Zehaan Hans,Mohini Hans,2007-09-02,,,2020,95.44%,,,,,,,,,,,,,
APP0356,diploma_marksheet,Ekavir Hans,Zehaan Hans,,,,,2022,60.37%,12th,,,,,,,,,,,,
APP0356,leaving_certificate,Ekavir Hans,Zehaan Hans,,2007-09-02,,,,,,,,,,,,,,,,,
APP0356,cet_scorecard,Ekavir Hans,Zehaan Hans,Mohini Hans,2007-09-02,,,,,,,EWS,Male,,81.7%,,,,,,,
APP0356,caste_certificate,Ekavir Hans,Zehaan Hans,,2007-09-02,,,,,,,EWS,,,,,,,,,,
APP0356,application_form,Ekavir Hans,Zehaan Hans,Mohini Hans,2007-09-02,,,,,,,EWS,Male,,,,,,,,,
APP0357,10th_marksheet,Ekanta Saxena,Harrison Saxena,Niharika Saxena,2004-12-11,,,2019,81.34%,,,,,,,,,,,,,
APP0357,diploma_marksheet,Ekanta Saxena,Harrison Saxena,,,,,2022,76.19%,Diploma,,,,,,,,,,,,
APP0357,leaving_certificate,Ekanta Saxena,Harrison Saxena,,2004-12-11,,,,,,,,,,,,,,,,,
APP0357,cet_scorecard,Ekanta Saxena,Harrison Saxena,Niharika Saxena,2004-12-11,,,,,,,OPEN,Female,,93.83%,,,,,,,
APP0357,caste_certificate,Ekanta Saxena,Harrison Saxena,,2004-12-11,,,,,,,OPEN,,,,,,,,,,
APP0357,application_form,Ekanta Saxena,Harrison Saxena,Niharika Saxena,2004-12-11,,,,,,,OPEN,Female,,,,,,,,,
APP0358,10th_marksheet,Vritti Mangal,Jack Mangal,Unni Mangal,2004-03-04,,,2019,62.8%,,,,,,,,,,,,,
APP0358,diploma_marksheet,Vritti Mangal,Jack Mangal,,,,,2020,88.3%,12th,,,,,,,,,,,,
APP0358,leaving_certificate,Vritti Mangal,Jack Mangal,,2004-03-04,,,,,,,,,,,,,,,,,
APP0358,cet_scorecard,Vritti Mangal,Jack Mangal,Unni Mangal,2004-03-04,,,,,,,OBC,Female,,93.2%,,,,,,,
APP0358,caste_certificate,Vritti Mangal,Jack Mangal,,2004-03-04,,,,,,,OBC,,,,,,,,,,
APP0358,application_form,Vritti Mangal,Jack Mangal,Unni Mangal,2004-03-04,,,,,,,OBC,Female,,,,,,,,,
APP0359,10th_marksheet,Rachita Borde,Jeremiah Borde,Yashasvi Borde,2003-09-01,,,2018,93.34%,,,,,,,,,,,,,
APP0359,diploma_marksheet,Rachita Borde,Jeremiah Borde,,,,,2020,84.5%,Diploma,,,,,,,,,,,,
APP0359,leaving_certificate,Rachita Borde,Jeremiah Borde,,2003-09-01,,,,,,,,,,,,,,,,,
APP0359,cet_scorecard,Rachita Borde,Jeremiah Borde,Yashasvi Borde,2003-09-01,,,,,,,OBC,Female,,70.24%,,,,,,,
APP0359,caste_certificate,Rachita Borde,Jeremiah Borde,,2003-09-01,,,,,,,OBC,,,,,,,,,,
APP0359,application_form,Rachita Borde,Jeremiah Borde,Yashasvi Borde,2003-09-01,,,,,,,OBC,Female,,,,,,,,,
APP0360,10th_marksheet,Chaman Sibal,Ishwar Sibal,Baghyawati Sibal,2003-01-05,,,2018,97.34%,,,,,,,,,,,,,
APP0360,diploma_marksheet,Chaman Sibal,Ishwar Sibal,,,,,2021,90.81%,12th,,,,,,,,,,,,
APP0360,leaving_certificate,Chaman Sibal,Ishwar Sibal,,2003-01-05,,,,,,,,,,,,,,,,,
APP0360,cet_scorecard,Chaman Sibal,Ishwar Sibal,Baghyawati Sibal,2003-01-05,,,,,,,OBC,Female,,70.95%,,,,,,,
APP0360,caste_certificate,Chaman Sibal,Ishwar Sibal,,2003-01-05,,,,,,,OBC,,,,,,,,,,
APP0360,application_form,Chaman Sibal,Ishwar Sibal,Baghyawati Sibal,2003-01-05,,,,,,,OBC,Female,,,,,,,,,
APP0361,10th_marksheet,Waida Doctor,Warjas Doctor,Sachi Doctor,2006-01-31,,,2020,70.01%,,,,,,,,,,,,,
APP0361,diploma_marksheet,Waida Doctor,Warjas Doctor,,,,,2020,67.14%,12th,,,,,,,,,,,,
APP0361,leaving_certificate,Waida Doctor,Warjas Doctor,,2006-01-31,,,,,,,,,,,,,,,,,
APP0361,cet_scorecard,Waida Doctor,Warjas Doctor,Sachi Doctor,2006-01-31,,,,,,,OBC,Female,,75.32%,,,,,,,
APP0361,caste_certificate,Waida Doctor,Warjas Doctor,,2006-01-31,,,,,,,OBC,,,,,,,,,,
APP0361,application_form,Waida Doctor,Warjas Doctor,Sachi Doctor,2006-01-31,,,,,,,OBC,Female,,,,,,,,,
APP0362,10th_marksheet,Om Sant,Ronith Sant,Gaurangi Sant,2006-09-07,,,2018,68.52%,,,,,,,,,,,,,
APP0362,diploma_marksheet,Om Sant,Ronith Sant,,,,,2021,57.75%,12th,,,,,,,,,,,,
APP0362,leaving_certificate,Om Sant,Ronith Sant,,2006-09-07,,,,,,,,,,,,,,,,,
APP0362,cet_scorecard,Om Sant,Ronith Sant,Gaurangi Sant,2006-09-07,,,,,,,OBC,Male,,85.93%,,,,,,,
APP0362,caste_certificate,Om Sant,Ronith Sant,,2006-09-07,,,,,,,OBC,,,,,,,,,,
APP0362,application_form,Om Sant,Ronith Sant,Gaurangi Sant,2006-09-07,,,,,,,OBC,Male,,,,,,,,,
APP0363,10th_marksheet,Abha Om,Neel Om,Nidra Om,2004-03-23,,,2018,89.38%,,,,,,,,,,,,,
APP0363,diploma_marksheet,Abha Om,Neel Om,,,,,2020,63.66%,12th,,,,,,,,,,,,
APP0363,leaving_certificate,Abha Om,Neel Om,,2004-03-23,,,,,,,,,,,,,,,,,
APP0363,cet_scorecard,Abha Om,Neel Om,Nidra Om,2004-03-23,,,,,,,OPEN,Female,,76.88%,,,,,,,
APP0363,caste_certificate,Abha Om,Neel Om,,2004-03-23,,,,,,,OPEN,,,,,,,,,,
APP0363,application_form,Abha Om,Neel Om,Nidra Om,2004-03-23,,,,,,,OPEN,Female,,,,,,,,,
APP0364,10th_marksheet,Zarna Jayaraman,Thomas Jayaraman,Omaja Jayaraman,2005-01-03,,,2020,79.41%,,,,,,,,,,,,,
APP0364,diploma_marksheet,Zarna Jayaraman,Thomas Jayaraman,,,,,2020,55.77%,Diploma,,,,,,,,,,,,
APP0364,leaving_certificate,Zarna Jayaraman,Thomas Jayaraman,,2005-01-03,,,,,,,,,,,,,,,,,
APP0364,cet_scorecard,Zarna Jayaraman,Thomas Jayaraman,Omaja Jayaraman,2005-01-03,,,,,,,OBC,Female,,62.89%,,,,,,,
APP0364,caste_certificate,Zarna Jayaraman,Thomas Jayaraman,,2005-01-03,,,,,,,OBC,,,,,,,,,,
APP0364,application_form,Zarna Jayaraman,Thomas Jayaraman,Omaja Jayaraman,2005-01-03,,,,,,,OBC,Female,,,,,,,,,
APP0365,10th_marksheet,Mason Bhatti,Jacob Bhatti,Sudiksha Bhatti,2006-10-06,,,2019,72.98%,,,,,,,,,,,,,
APP0365,diploma_marksheet,Mason Bhatti,Jacob Bhatti,,,,,2022,90.53%,12th,,,,,,,,,,,,
APP0365,leaving_certificate,Mason Bhatti,Jacob Bhatti,,2006-10-06,,,,,,,,,,,,,,,,,
APP0365,cet_scorecard,Mason Bhatti,Jacob Bhatti,Sudiksha Bhatti,2006-10-06,,,,,,,OBC,Male,,77.54%,,,,,,,
APP0365,caste_certificate,Mason Bhatti,Jacob Bhatti,,2006-10-06,,,,,,,OBC,,,,,,,,,,
APP0365,application_form,Mason Bhatti,Jacob Bhatti,Sudiksha Bhatti,2006-10-06,,,,,,,OBC,Male,,,,,,,,,
APP0366,10th_marksheet,Caleb Ramaswamy,Nihal Ramaswamy,Gaurika Ramaswamy,2004-08-30,,,2020,70.63%,,,,,,,,,,,,,
APP0366,diploma_marksheet,Caleb Ramaswamy,Nihal Ramaswamy,,,,,2021,83.1%,12th,,,,,,,,,,,,
APP0366,leaving_certificate,Caleb Ramaswamy,Nihal Ramaswamy,,2004-08-30,,,,,,,,,,,,,,,,,
APP0366,cet_scorecard,Caleb Ramaswamy,Nihal Ramaswamy,Gaurika Ramaswamy,2004-08-30,,,,,,,OBC,Male,,68.52%,,,,,,,
APP0366,caste_certificate,Caleb Ramaswamy,Nihal Ramaswamy,,2004-08-30,,,,,,,OBC,,,,,,,,,,
APP0366,application_form,Caleb Ramaswamy,Nihal Ramaswamy,Gaurika Ramaswamy,2004-08-30,,,,,,,OBC,Male,,,,,,,,,
APP0367,10th_marksheet,Ojasvi Shetty,Ekansh Shetty,Unnati Shetty,2007-04-10,,,2020,66.76%,,,,,,,,,,,,,
APP0367,diploma_marksheet,Ojasvi Shetty,Ekansh Shetty,,,,,2022,68.1%,12th,,,,,,,,,,,,
APP0367,leaving_certificate,Ojasvi Shetty,Ekansh Shetty,,2007-04-10,,,,,,,,,,,,,,,,,
APP0367,cet_scorecard,Ojasvi Shetty,Ekansh Shetty,Unnati Shetty,2007-04-10,,,,,,,EWS,Female,,77.16%,,,,,,,
APP0367,caste_certificate,Ojasvi Shetty,Ekansh Shetty,,2007-04-10,,,,,,,EWS,,,,,,,,,,
APP0367,application_form,Ojasvi Shetty,Ekansh Shetty,Unnati Shetty,2007-04-10,,,,,,,EWS,Female,,,,,,,,,
APP0368,10th_marksheet,Upasna Pandya,Alexander Pandya,Madhavi Pandya,2006-05-20,,,2020,85.67%,,,,,,,,,,,,,
APP0368,diploma_marksheet,Upasna Pandya,Alexander Pandya,,,,,2021,79.41%,12th,,,,,,,,,,,,
APP0368,leaving_certificate,Upasna Pandya,Alexander Pandya,,2006-05-20,,,,,,,,,,,,,,,,,
APP0368,cet_scorecard,Upasna Pandya,Alexander Pandya,Madhavi Pandya,2006-05-20,,,,,,,OBC,Female,,80.65%,,,,,,,
APP0368,caste_certificate,Upasna Pandya,Alexander Pandya,,2006-05-20,,,,,,,OBC,,,,,,,,,,
APP0368,application_form,Upasna Pandya,Alexander Pandya,Madhavi Pandya,2006-05-20,,,,,,,OBC,Female,,,,,,,,,
APP0369,10th_marksheet,Chasmum Lanka,Rachit Lanka,Ishita Lanka,2005-05-08,,,2019,76.25%,,,,,,,,,,,,,
APP0369,diploma_marksheet,Chasmum Lanka,Rachit Lanka,,,,,2020,83.88%,12th,,,,,,,,,,,,
APP0369,leaving_certificate,Chasmum Lanka,Rachit Lanka,,2005-05-08,,,,,,,,,,,,,,,,,
APP0369,cet_scorecard,Chasmum Lanka,Rachit Lanka,Ishita Lanka,2005-05-08,,,,,,,OPEN,Female,,82.51%,,,,,,,
APP0369,caste_certificate,Chasmum Lanka,Rachit Lanka,,2005-05-08,,,,,,,OPEN,,,,,,,,,,
APP0369,application_form,Chasmum Lanka,Rachit Lanka,Ishita Lanka,2005-05-08,,,,,,,OPEN,Female,,,,,,,,,
APP0370,10th_marksheet,Nilima Mahajan,Arin Mahajan,Varsha Mahajan,2004-09-03,,,2018,68.26%,,,,,,,,,,,,,
APP0370,diploma_marksheet,Nilima Mahajan,Arin Mahajan,,,,,2021,89.23%,Diploma,,,,,,,,,,,,
APP0370,leaving_certificate,Nilima Mahajan,Arin Mahajan,,2004-09-03,,,,,,,,,,,,,,,,,
APP0370,cet_scorecard,Nilima Mahajan,Arin Mahajan,Varsha Mahajan,2004-09-03,,,,,,,OBC,Female,,72.72%,,,,,,,
APP0370,caste_certificate,Nilima Mahajan,Arin Mahajan,,2004-09-03,,,,,,,OBC,,,,,,,,,,
APP0370,application_form,Nilima Mahajan,Arin Mahajan,Varsha Mahajan,2004-09-03,,,,,,,OBC,Female,,,,,,,,,
APP0371,10th_marksheet,William Mitra,Girindra Mitra,Ucchal Mitra,2005-11-29,,,2018,87.4%,,,,,,,,,,,,,
APP0371,diploma_marksheet,William Mitra,Girindra Mitra,,,,,2021,55.61%,12th,,,,,,,,,,,,
APP0371,leaving_certificate,William Mitra,Girindra Mitra,,2005-11-29,,,,,,,,,,,,,,,,,
APP0371,cet_scorecard,William Mitra,Girindra Mitra,Ucchal Mitra,2005-11-29,,,,,,,EWS,Male,,96.17%,,,,,,,
APP0371,caste_certificate,William Mitra,Girindra Mitra,,2005-11-29,,,,,,,EWS,,,,,,,,,,
APP0371,application_form,William Mitra,Girindra Mitra,Ucchal Mitra,2005-11-29,,,,,,,EWS,Male,,,,,,,,,
APP0372,10th_marksheet,Ishaan Kapoor,Yatan Kapoor,Omaja Kapoor,2006-03-14,,,2019,93.79%,,,,,,,,,,,,,
APP0372,diploma_marksheet,Ishaan Kapoor,Yatan Kapoor,,,,,2021,63.8%,Diploma,,,,,,,,,,,,
APP0372,leaving_certificate,Ishaan Kapoor,Yatan Kapoor,,2006-03-14,,,,,,,,,,,,,,,,,
APP0372,cet_scorecard,Ishaan Kapoor,Yatan Kapoor,Omaja Kapoor,2006-03-14,,,,,,,OBC,Male,,64.92%,,,,,,,
APP0372,caste_certificate,Ishaan Kapoor,Yatan Kapoor,,2006-03-14,,,,,,,OBC,,,,,,,,,,
APP0372,application_form,Ishaan Kapoor,Yatan Kapoor,Omaja Kapoor,2006-03-14,,,,,,,OBC,Male,,,,,,,,,
APP0373,10th_marksheet,Shivani Rajan,Quincy Rajan,Niharika Rajan,2006-09-22,,,2018,97.19%,,,,,,,,,,,,,
APP0373,diploma_marksheet,Shivani Rajan,Quincy Rajan,,,,,2021,59.77%,12th,,,,,,,,,,,,
APP0373,leaving_certificate,Shivani Rajan,Quincy Rajan,,2006-09-22,,,,,,,,,,,,,,,,,
APP0373,cet_scorecard,Shivani Rajan,Quincy Rajan,Niharika Rajan,2006-09-22,,,,,,,OBC,Female,,96.8%,,,,,,,
APP0373,caste_certificate,Shivani Rajan,Quincy Rajan,,2006-09-22,,,,,,,OBC,,,,,,,,,,
APP0373,application_form,Shivani Rajan,Quincy Rajan,Niharika Rajan,2006-09-22,,,,,,,OBC,Female,,,,,,,,,
APP0374,10th_marksheet,Rajeshri Garde,Dev Garde,Oni Garde,2007-04-26,,,2018,87.31%,,,,,,,,,,,,,
APP0374,diploma_marksheet,Rajeshri Garde,Dev Garde,,,,,2021,61.38%,Diploma,,,,,,,,,,,,
APP0374,leaving_certificate,Rajeshri Garde,Dev Garde,,2007-04-26,,,,,,,,,,,,,,,,,
APP0374,cet_scorecard,Rajeshri Garde,Dev Garde,Oni Garde,2007-04-26,,,,,,,OPEN,Female,,62.75%,,,,,,,
APP0374,caste_certificate,Rajeshri Garde,Dev Garde,,2007-04-26,,,,,,,OPEN,,,,,,,,,,
APP0374,application_form,Rajeshri Garde,Dev Garde,Oni Garde,2007-04-26,,,,,,,OPEN,Female,,,,,,,,,
APP0375,10th_marksheet,Edhitha Bahri,Henry Bahri,Ganga Bahri,2004-02-22,,,2019,69.61%,,,,,,,,,,,,,
APP0375,diploma_marksheet,Edhitha Bahri,Henry Bahri,,,,,2020,74.56%,12th,,,,,,,,,,,,
APP0375,leaving_certificate,Edhitha Bahri,Henry Bahri,,2004-02-22,,,,,,,,,,,,,,,,,
APP0375,cet_scorecard,Edhitha Bahri,Henry Bahri,Ganga Bahri,2004-02-22,,,,,,,SC/ST,Female,,74.64%,,,,,,,
APP0375,caste_certificate,Edhitha Bahri,Henry Bahri,,2004-02-22,,,,,,,SC/ST,,,,,,,,,,
APP0375,application_form,Edhitha Bahri,Henry Bahri,Ganga Bahri,2004-02-22,,,,,,,SC/ST,Female,,,,,,,,,
APP0376,10th_marksheet,Lakshmi Bhardwaj,Qadim Bhardwaj,Vamakshi Bhardwaj,2004-05-27,,,2018,96.42%,,,,,,,,,,,,,
APP0376,diploma_marksheet,Lakshmi Bhardwaj,Qadim Bhardwaj,,,,,2021,75.95%,12th,,,,,,,,,,,,
APP0376,leaving_certificate,Lakshmi Bhardwaj,Qadim Bhardwaj,,2004-05-27,,,,,,,,,,,,,,,,,
APP0376,cet_scorecard,Lakshmi Bhardwaj,Qadim Bhardwaj,Vamakshi Bhardwaj,2004-05-27,,,,,,,OBC,Female,,85.47%,,,,,,,
APP0376,caste_certificate,Lakshmi Bhardwaj,Qadim Bhardwaj,,2004-05-27,,,,,,,OBC,,,,,,,,,,
APP0376,application_form,Lakshmi Bhardwaj,Qadim Bhardwaj,Vamakshi Bhardwaj,2004-05-27,,,,,,,OBC,Female,,,,,,,,,
APP0377,10th_marksheet,Osha Rao,Samar Rao,Adya Rao,2003-10-29,,,2019,70.12%,,,,,,,,,,,,,
APP0377,diploma_marksheet,Osha Rao,Samar Rao,,,,,2022,87.39%,12th,,,,,,,,,,,,
APP0377,leaving_certificate,Osha Rao,Samar Rao,,2003-10-29,,,,,,,,,,,,,,,,,
APP0377,cet_scorecard,Osha Rao,Samar Rao,Adya Rao,2003-10-29,,,,,,,OPEN,Female,,80.51%,,,,,,,
APP0377,caste_certificate,Osha Rao,Samar Rao,,2003-10-29,,,,,,,OPEN,,,,,,,,,,
APP0377,application_form,Osha Rao,Samar Rao,Adya Rao,2003-10-29,,,,,,,OPEN,Female,,,,,,,,,
APP0378,10th_marksheet,Ira Jhaveri,Wazir Jhaveri,Veda Jhaveri,2003-10-17,,,2018,76.26%,,,,,,,,,,,,,
APP0378,diploma_marksheet,Ira Jhaveri,Wazir Jhaveri,,,,,2021,62.76%,12th,,,,,,,,,,,,
APP0378,leaving_certificate,Ira Jhaveri,Wazir Jhaveri,,2003-10-17,,,,,,,,,,,,,,,,,
APP0378,cet_scorecard,Ira Jhaveri,Wazir Jhaveri,Veda Jhaveri,2003-10-17,,,,,,,OBC,Female,,81.5%,,,,,,,
APP0378,caste_certificate,Ira Jhaveri,Wazir Jhaveri,,2003-10-17,,,,,,,OBC,,,,,,,,,,
APP0378,application_form,Ira Jhaveri,Wazir Jhaveri,Veda Jhaveri,2003-10-17,,,,,,,OBC,Female,,,,,,,,,
APP0379,10th_marksheet,Zayan Soman,Dev Soman,Vamakshi Soman,2007-08-05,,,2018,63.19%,,,,,,,,,,,,,
APP0379,diploma_marksheet,Zayan Soman,Dev Soman,,,,,2021,74.3%,12th,,,,,,,,,,,,
APP0379,leaving_certificate,Zayan Soman,Dev Soman,,2007-08-05,,,,,,,,,,,,,,,,,
APP0379,cet_scorecard,Zayan Soman,Dev Soman,Vamakshi Soman,2007-08-05,,,,,,,SC/ST,Male,,88.63%,,,,,,,
APP0379,caste_certificate,Zayan Soman,Dev Soman,,2007-08-05,,,,,,,SC/ST,,,,,,,,,,
APP0379,application_form,Zayan Soman,Dev Soman,Vamakshi Soman,2007-08-05,,,,,,,SC/ST,Male,,,,,,,,,
APP0380,10th_marksheet,Girik Singhal,Finn Singhal,Yutika Singhal,2004-11-05,,,2020,71.41%,,,,,,,,,,,,,
APP0380,diploma_marksheet,Girik Singhal,Finn Singhal,,,,,2020,90.99%,12th,,,,,,,,,,,,
APP0380,leaving_certificate,Girik Singhal,Finn Singhal,,2004-11-05,,,,,,,,,,,,,,,,,
APP0380,cet_scorecard,Girik Singhal,Finn Singhal,Yutika Singhal,2004-11-05,,,,,,,SC/ST,Male,,93.16%,,,,,,,
APP0380,caste_certificate,Girik Singhal,Finn Singhal,,2004-11-05,,,,,,,SC/ST,,,,,,,,,,
APP0380,application_form,Girik Singhal,Finn Singhal,Yutika Singhal,2004-11-05,,,,,,,SC/ST,Male,,,,,,,,,
APP0381,10th_marksheet,Eiravati Vohra,Patrick Vohra,Aachal Vohra,2003-04-15,,,2020,63.51%,,,,,,,,,,,,,
APP0381,diploma_marksheet,Eiravati Vohra,Patrick Vohra,,,,,2022,67.73%,12th,,,,,,,,,,,,
APP0381,leaving_certificate,Eiravati Vohra,Patrick Vohra,,2003-04-15,,,,,,,,,,,,,,,,,
APP0381,cet_scorecard,Eiravati Vohra,Patrick Vohra,Aachal Vohra,2003-04-15,,,,,,,OBC,Female,,80.44%,,,,,,,
APP0381,caste_certificate,Eiravati Vohra,Patrick Vohra,,2003-04-15,,,,,,,OBC,,,,,,,,,,
APP0381,application_form,Eiravati Vohra,Patrick Vohra,Aachal Vohra,2003-04-15,,,,,,,OBC,Female,,,,,,,,,
APP0382,10th_marksheet,Aadhya Aggarwal,Hitesh Aggarwal,Inaya Aggarwal,2004-08-19,,,2020,96.83%,,,,,,,,,,,,,
APP0382,diploma_marksheet,Aadhya Aggarwal,Hitesh Aggarwal,,,,,2020,67.15%,Diploma,,,,,,,,,,,,
APP0382,leaving_certificate,Aadhya Aggarwal,Hitesh Aggarwal,,2004-08-19,,,,,,,,,,,,,,,,,
APP0382,cet_scorecard,Aadhya Aggarwal,Hitesh Aggarwal,Inaya Aggarwal,2004-08-19,,,,,,,OPEN,Female,,98.2%,,,,,,,
APP0382,caste_certificate,Aadhya Aggarwal,Hitesh Aggarwal,,2004-08-19,,,,,,,OPEN,,,,,,,,,,
APP0382,application_form,Aadhya Aggarwal,Hitesh Aggarwal,Inaya Aggarwal,2004-08-19,,,,,,,OPEN,Female,,,,,,,,,
APP0383,10th_marksheet,Isha Iyer,Viraj Iyer,Arunima Iyer,2006-01-21,,,2019,63.41%,,,,,,,,,,,,,
APP0383,diploma_marksheet,Isha Iyer,Viraj Iyer,,,,,2021,77.88%,12th,,,,,,,,,,,,
APP0383,leaving_certificate,Isha Iyer,Viraj Iyer,,2006-01-21,,,,,,,,,,,,,,,,,
APP0383,cet_scorecard,Isha Iyer,Viraj Iyer,Arunima Iyer,2006-01-21,,,,,,,OPEN,Female,,72.36%,,,,,,,
APP0383,caste_certificate,Isha Iyer,Viraj Iyer,,2006-01-21,,,,,,,OPEN,,,,,,,,,,
APP0383,application_form,Isha Iyer,Viraj Iyer,Arunima Iyer,2006-01-21,,,,,,,OPEN,Female,,,,,,,,,
APP0384,10th_marksheet,Wazir Ahluwalia,Nakul Ahluwalia,Ishani Ahluwalia,2004-12-26,,,2019,77.37%,,,,,,,,,,,,,
APP0384,diploma_marksheet,Wazir Ahluwalia,Nakul Ahluwalia,,,,,2022,69.56%,12th,,,,,,,,,,,,
APP0384,leaving_certificate,Wazir Ahluwalia,Nakul Ahluwalia,,2004-12-26,,,,,,,,,,,,,,,,,
APP0384,cet_scorecard,Wazir Ahluwalia,Nakul Ahluwalia,Ishani Ahluwalia,2004-12-26,,,,,,,OBC,Male,,94.75%,,,,,,,
APP0384,caste_certificate,Wazir Ahluwalia,Nakul Ahluwalia,,2004-12-26,,,,,,,OBC,,,,,,,,,,
APP0384,application_form,Wazir Ahluwalia,Nakul Ahluwalia,Ishani Ahluwalia,2004-12-26,,,,,,,OBC,Male,,,,,,,,,
APP0385,10th_marksheet,Saumya Issac,Samar Issac,Rachana Issac,2004-09-24,,,2018,64.18%,,,,,,,,,,,,,
APP0385,diploma_marksheet,Saumya Issac,Samar Issac,,,,,2022,84.63%,12th,,,,,,,,,,,,
APP0385,leaving_certificate,Saumya Issac,Samar Issac,,2004-09-24,,,,,,,,,,,,,,,,,
APP0385,cet_scorecard,Saumya Issac,Samar Issac,Rachana Issac,2004-09-24,,,,,,,SC/ST,Female,,67.63%,,,,,,,
APP0385,caste_certificate,Saumya Issac,Samar Issac,,2004-09-24,,,,,,,SC/ST,,,,,,,,,,
APP0385,application_form,Saumya Issac,Samar Issac,Rachana Issac,2004-09-24,,,,,,,SC/ST,Female,,,,,,,,,
APP0386,10th_marksheet,Ganga Nagarajan,Samar Nagarajan,Sachi Nagarajan,2005-08-20,,,2020,66.88%,,,,,,,,,,,,,
APP0386,diploma_marksheet,Ganga Nagarajan,Samar Nagarajan,,,,,2020,60.58%,Diploma,,,,,,,,,,,,
APP0386,leaving_certificate,Ganga Nagarajan,Samar Nagarajan,,2005-08-20,,,,,,,,,,,,,,,,,
APP0386,cet_scorecard,Ganga Nagarajan,Samar Nagarajan,Sachi Nagarajan,2005-08-20,,,,,,,SC/ST,Female,,68.46%,,,,,,,
APP0386,caste_certificate,Ganga Nagarajan,Samar Nagarajan,,2005-08-20,,,,,,,SC/ST,,,,,,,,,,
APP0386,application_form,Ganga Nagarajan,Samar Nagarajan,Sachi Nagarajan,2005-08-20,,,,,,,SC/ST,Female,,,,,,,,,
APP0387,10th_marksheet,Isaiah Arya,Gopal Arya,Ekantika Arya,2005-01-15,,,2018,60.52%,,,,,,,,,,,,,
APP0387,diploma_marksheet,Isaiah Arya,Gopal Arya,,,,,2022,86.31%,Diploma,,,,,,,,,,,,
APP0387,leaving_certificate,Isaiah Arya,Gopal Arya,,2005-01-15,,,,,,,,,,,,,,,,,
APP0387,cet_scorecard,Isaiah Arya,Gopal Arya,Ekantika Arya,2005-01-15,,,,,,,OPEN,Male,,98.65%,,,,,,,
APP0387,caste_certificate,Isaiah Arya,Gopal Arya,,2005-01-15,,,,,,,OPEN,,,,,,,,,,
APP0387,application_form,Isaiah Arya,Gopal Arya,Ekantika Arya,2005-01-15,,,,,,,OPEN,Male,,,,,,,,,
APP0388,10th_marksheet,Sachi Salvi,Indrajit Salvi,Ati Salvi,2004-11-19,,,2019,84.47%,,,,,,,,,,,,,
APP0388,diploma_marksheet,Sachi Salvi,Indrajit Salvi,,,,,2022,66.07%,Diploma,,,,,,,,,,,,
APP0388,leaving_certificate,Sachi Salvi,Indrajit Salvi,,2004-11-19,,,,,,,,,,,,,,,,,
APP0388,cet_scorecard,Sachi Salvi,Indrajit Salvi,Ati Salvi,2004-11-19,,,,,,,OPEN,Female,,89.61%,,,,,,,
APP0388,caste_certificate,Sachi Salvi,Indrajit Salvi,,2004-11-19,,,,,,,OPEN,,,,,,,,,,
APP0388,application_form,Sachi Salvi,Indrajit Salvi,Ati Salvi,2004-11-19,,,,,,,OPEN,Female,,,,,,,,,
APP0389,10th_marksheet,Tripti Contractor,Bahadurjit Contractor,Osha Contractor,2003-07-06,,,2020,64.56%,,,,,,,,,,,,,
APP0389,diploma_marksheet,Tripti Contractor,Bahadurjit Contractor,,,,,2021,88.62%,Diploma,,,,,,,,,,,,
APP0389,leaving_certificate,Tripti Contractor,Bahadurjit Contractor,,2003-07-06,,,,,,,,,,,,,,,,,
APP0389,cet_scorecard,Tripti Contractor,Bahadurjit Contractor,Osha Contractor,2003-07-06,,,,,,,OBC,Female,,88.97%,,,,,,,
APP0389,caste_certificate,Tripti Contractor,Bahadurjit Contractor,,2003-07-06,,,,,,,OBC,,,,,,,,,,
APP0389,application_form,Tripti Contractor,Bahadurjit Contractor,Osha Contractor,2003-07-06,,,,,,,OBC,Female,,,,,,,,,
APP0390,10th_marksheet,Urvashi Ganesan,Krishna Ganesan,Chasmum Ganesan,2004-01-07,,,2018,78.4%,,,,,,,,,,,,,
APP0390,diploma_marksheet,Urvashi Ganesan,Krishna Ganesan,,,,,2021,61.49%,Diploma,,,,,,,,,,,,
APP0390,leaving_certificate,Urvashi Ganesan,Krishna Ganesan,,2004-01-07,,,,,,,,,,,,,,,,,
APP0390,cet_scorecard,Urvashi Ganesan,Krishna Ganesan,Chasmum Ganesan,2004-01-07,,,,,,,OPEN,Female,,79.75%,,,,,,,
APP0390,caste_certificate,Urvashi Ganesan,Krishna Ganesan,,2004-01-07,,,,,,,OPEN,,,,,,,,,,
APP0390,application_form,Urvashi Ganesan,Krishna Ganesan,Chasmum Ganesan,2004-01-07,,,,,,,OPEN,Female,,,,,,,,,
APP0391,10th_marksheet,Isaiah Bail,Samaksh Bail,Forum Bail,2005-08-14,,,2019,72.65%,,,,,,,,,,,,,
APP0391,diploma_marksheet,Isaiah Bail,Samaksh Bail,,,,,2020,62.25%,Diploma,,,,,,,,,,,,
APP0391,leaving_certificate,Isaiah Bail,Samaksh Bail,,2005-08-14,,,,,,,,,,,,,,,,,
APP0391,cet_scorecard,Isaiah Bail,Samaksh Bail,Forum Bail,2005-08-14,,,,,,,OBC,Male,,77.01%,,,,,,,
APP0391,caste_certificate,Isaiah Bail,Samaksh Bail,,2005-08-14,,,,,,,OBC,,,,,,,,,,
APP0391,application_form,Isaiah Bail,Samaksh Bail,Forum Bail,2005-08-14,,,,,,,OBC,Male,,,,,,,,,
APP0392,10th_marksheet,Balvan Dyal,Imaran Dyal,Warhi Dyal,2004-06-09,,,2019,79.22%,,,,,,,,,,,,,
APP0392,diploma_marksheet,Balvan Dyal,Imaran Dyal,,,,,2020,55.69%,12th,,,,,,,,,,,,
APP0392,leaving_certificate,Balvan Dyal,Imaran Dyal,,2004-06-09,,,,,,,,,,,,,,,,,
APP0392,cet_scorecard,Balvan Dyal,Imaran Dyal,Warhi Dyal,2004-06-09,,,,,,,EWS,Male,,63.43%,,,,,,,
APP0392,caste_certificate,Balvan Dyal,Imaran Dyal,,2004-06-09,,,,,,,EWS,,,,,,,,,,
APP0392,application_form,Balvan Dyal,Imaran Dyal,Warhi Dyal,2004-06-09,,,,,,,EWS,Male,,,,,,,,,
APP0393,10th_marksheet,Vyanjana Golla,Xavier Golla,Rajata Golla,2007-09-07,,,2019,86.02%,,,,,,,,,,,,,
APP0393,diploma_marksheet,Vyanjana Golla,Xavier Golla,,,,,2020,80.93%,12th,,,,,,,,,,,,
APP0393,leaving_certificate,Vyanjana Golla,Xavier Golla,,2007-09-07,,,,,,,,,,,,,,,,,
APP0393,cet_scorecard,Vyanjana Golla,Xavier Golla,Rajata Golla,2007-09-07,,,,,,,OBC,Female,,94.88%,,,,,,,
APP0393,caste_certificate,Vyanjana Golla,Xavier Golla,,2007-09-07,,,,,,,OBC,,,,,,,,,,
APP0393,application_form,Vyanjana Golla,Xavier Golla,Rajata Golla,2007-09-07,,,,,,,OBC,Female,,,,,,,,,
APP0394,10th_marksheet,Samesh Srinivasan,Balendra Srinivasan,Ira Srinivasan,2003-12-25,,,2020,75.77%,,,,,,,,,,,,,
APP0394,diploma_marksheet,Samesh Srinivasan,Balendra Srinivasan,,,,,2020,90.55%,12th,,,,,,,,,,,,
APP0394,leaving_certificate,Samesh Srinivasan,Balendra Srinivasan,,2003-12-25,,,,,,,,,,,,,,,,,
APP0394,cet_scorecard,Samesh Srinivasan,Balendra Srinivasan,Ira Srinivasan,2003-12-25,,,,,,,EWS,Male,,71.03%,,,,,,,
APP0394,caste_certificate,Samesh Srinivasan,Balendra Srinivasan,,2003-12-25,,,,,,,EWS,,,,,,,,,,
APP0394,application_form,Samesh Srinivasan,Balendra Srinivasan,Ira Srinivasan,2003-12-25,,,,,,,EWS,Male,,,,,,,,,
APP0395,10th_marksheet,Lekha Chatterjee,Max Chatterjee,Ira Chatterjee,2005-12-26,,,2020,79.99%,,,,,,,,,,,,,
APP0395,diploma_marksheet,Lekha Chatterjee,Max Chatterjee,,,,,2022,68.3%,12th,,,,,,,,,,,,
APP0395,leaving_certificate,Lekha Chatterjee,Max Chatterjee,,2005-12-26,,,,,,,,,,,,,,,,,
APP0395,cet_scorecard,Lekha Chatterjee,Max Chatterjee,Ira Chatterjee,2005-12-26,,,,,,,OBC,Female,,77.43%,,,,,,,
APP0395,caste_certificate,Lekha Chatterjee,Max Chatterjee,,2005-12-26,,,,,,,OBC,,,,,,,,,,
APP0395,application_form,Lekha Chatterjee,Max Chatterjee,Ira Chatterjee,2005-12-26,,,,,,,OBC,Female,,,,,,,,,
APP0396,10th_marksheet,Ekaraj Thakur,Ekalinga Thakur,Sudiksha Thakur,2003-10-13,,,2019,74.37%,,,,,,,,,,,,,
APP0396,diploma_marksheet,Ekaraj Thakur,Ekalinga Thakur,,,,,2022,88.77%,12th,,,,,,,,,,,,
APP0396,leaving_certificate,Ekaraj Thakur,Ekalinga Thakur,,2003-10-13,,,,,,,,,,,,,,,,,
APP0396,cet_scorecard,Ekaraj Thakur,Ekalinga Thakur,Sudiksha Thakur,2003-10-13,,,,,,,OPEN,Male,,92.19%,,,,,,,
APP0396,caste_certificate,Ekaraj Thakur,Ekalinga Thakur,,2003-10-13,,,,,,,OPEN,,,,,,,,,,
APP0396,application_form,Ekaraj Thakur,Ekalinga Thakur,Sudiksha Thakur,2003-10-13,,,,,,,OPEN,Male,,,,,,,,,
APP0397,10th_marksheet,Tanish Mallick,Hitesh Mallick,Pushti Mallick,2003-11-09,,,2018,75.24%,,,,,,,,,,,,,
APP0397,diploma_marksheet,Tanish Mallick,Hitesh Mallick,,,,,2022,93.14%,12th,,,,,,,,,,,,
APP0397,leaving_certificate,Tanish Mallick,Hitesh Mallick,,2003-11-09,,,,,,,,,,,,,,,,,
APP0397,cet_scorecard,Tanish Mallick,Hitesh Mallick,Pushti Mallick,2003-11-09,,,,,,,OBC,Male,,73.3%,,,,,,,
APP0397,caste_certificate,Tanish Mallick,Hitesh Mallick,,2003-11-09,,,,,,,OBC,,,,,,,,,,
APP0397,application_form,Tanish Mallick,Hitesh Mallick,Pushti Mallick,2003-11-09,,,,,,,OBC,Male,,,,,,,,,
APP0398,10th_marksheet,Yachana Rastogi,Lakshit Rastogi,Gaurangi Rastogi,2003-10-12,,,2020,90.18%,,,,,,,,,,,,,
APP0398,diploma_marksheet,Yachana Rastogi,Lakshit Rastogi,,,,,2022,79.46%,12th,,,,,,,,,,,,
APP0398,leaving_certificate,Yachana Rastogi,Lakshit Rastogi,,2003-10-12,,,,,,,,,,,,,,,,,
APP0398,cet_scorecard,Yachana Rastogi,Lakshit Rastogi,Gaurangi Rastogi,2003-10-12,,,,,,,OPEN,Female,,93.3%,,,,,,,
APP0398,caste_certificate,Yachana Rastogi,Lakshit Rastogi,,2003-10-12,,,,,,,OPEN,,,,,,,,,,
APP0398,application_form,Yachana Rastogi,Lakshit Rastogi,Gaurangi Rastogi,2003-10-12,,,,,,,OPEN,Female,,,,,,,,,
APP0399,10th_marksheet,Chaitanya Buch,Aarnav Buch,Eshana Buch,2007-03-09,,,2020,88.2%,,,,,,,,,,,,,
APP0399,diploma_marksheet,Chaitanya Buch,Aarnav Buch,,,,,2020,74.87%,12th,,,,,,,,,,,,
APP0399,leaving_certificate,Chaitanya Buch,Aarnav Buch,,2007-03-09,,,,,,,,,,,,,,,,,
APP0399,cet_scorecard,Chaitanya Buch,Aarnav Buch,Eshana Buch,2007-03-09,,,,,,,OBC,Male,,74.94%,,,,,,,
APP0399,caste_certificate,Chaitanya Buch,Aarnav Buch,,2007-03-09,,,,,,,OBC,,,,,,,,,,
APP0399,application_form,Chaitanya Buch,Aarnav Buch,Eshana Buch,2007-03-09,,,,,,,OBC,Male,,,,,,,,,
APP0400,10th_marksheet,Idika Borra,Zayyan Borra,Jyoti Borra,2003-04-02,,,2018,72.56%,,,,,,,,,,,,,
APP0400,diploma_marksheet,Idika Borra,Zayyan Borra,,,,,2022,74.69%,12th,,,,,,,,,,,,
APP0400,leaving_certificate,Idika Borra,Zayyan Borra,,2003-04-02,,,,,,,,,,,,,,,,,
APP0400,cet_scorecard,Idika Borra,Zayyan Borra,Jyoti Borra,2003-04-02,,,,,,,OPEN,Female,,78.57%,,,,,,,
APP0400,caste_certificate,Idika Borra,Zayyan Borra,,2003-04-02,,,,,,,OPEN,,,,,,,,,,
APP0400,application_form,Idika Borra,Zayyan Borra,Jyoti Borra,2003-04-02,,,,,,,OPEN,Female,,,,,,,,,
